company_id,year,cfo_sign,cfi_sign,cff_sign,pattern_label
ABB,2012-12,+,-,-,Shareholder Returns & Reinvestment
ABB,2014-03,-,-,-,Reserve-Funded Investment & Paydown
ABB,2015-03,-,-,+,Distress - Financing the Burn
ABB,2016-03,+,-,-,Shareholder Returns & Reinvestment
ABB,2017-03,+,-,-,Shareholder Returns & Reinvestment
ABB,2018-03,+,-,+,Growth via External Financing
ABB,2019-03,+,-,+,Growth via External Financing
ABB,2020-03,+,-,+,Growth via External Financing
ABB,2021-03,+,-,-,Reinvestor - Debt Paydown
ABB,2022-03,+,-,-,Reinvestor - Debt Paydown
ABB,2023-03,+,-,+,Growth via External Financing
ABB,2024-03,+,-,-,Reinvestor - Debt Paydown
ADANIENSOL,2014-03,-,-,-,Reserve-Funded Investment & Paydown
ADANIENSOL,2015-03,-,-,+,Distress - Financing the Burn
ADANIENSOL,2016-03,+,-,-,Reinvestor - Debt Paydown
ADANIENSOL,2017-03,+,-,-,Shareholder Returns & Reinvestment
ADANIENSOL,2018-03,+,-,+,Growth via External Financing
ADANIENSOL,2019-03,+,-,+,Growth via External Financing
ADANIENSOL,2020-03,+,-,+,Growth via External Financing
ADANIENSOL,2021-03,+,-,-,Shareholder Returns & Reinvestment
ADANIENSOL,2022-03,+,-,-,Shareholder Returns & Reinvestment
ADANIENSOL,2023-03,+,-,+,Growth via External Financing
ADANIENSOL,2024-03,+,-,-,Shareholder Returns & Reinvestment
ADANIENT,2013-03,+,-,+,Growth via External Financing
ADANIENT,2014-03,+,-,-,Shareholder Returns & Reinvestment
ADANIENT,2015-03,+,-,+,Growth via External Financing
ADANIENT,2016-03,+,-,-,Reinvestor - Debt Paydown
ADANIENT,2017-03,+,-,+,Growth via External Financing
ADANIENT,2018-03,+,-,+,Growth via External Financing
ADANIENT,2019-03,+,+,-,Divestment & Shareholder Returns
ADANIENT,2020-03,+,-,-,Shareholder Returns & Reinvestment
ADANIENT,2021-03,+,-,+,Growth via External Financing
ADANIENT,2022-03,+,-,+,Growth via External Financing
ADANIENT,2023-03,+,-,-,Shareholder Returns & Reinvestment
ADANIENT,2024-03,+,-,+,Growth via External Financing
ADANIGREEN,2017-03,+,-,+,Growth via External Financing
ADANIGREEN,2018-03,+,-,+,Growth via External Financing
ADANIGREEN,2019-03,+,-,+,Growth via External Financing
ADANIGREEN,2020-03,+,-,+,Growth via External Financing
ADANIGREEN,2021-03,+,-,+,Growth via External Financing
ADANIGREEN,2022-03,+,-,+,Growth via External Financing
ADANIGREEN,2023-03,+,-,-,Shareholder Returns & Reinvestment
ADANIGREEN,2024-03,+,-,+,Growth via External Financing
ADANIPORTS,2013-03,+,-,+,Growth via External Financing
ADANIPORTS,2014-03,+,-,+,Growth via External Financing
ADANIPORTS,2015-03,+,-,-,Shareholder Returns & Reinvestment
ADANIPORTS,2016-03,+,-,+,Growth via External Financing
ADANIPORTS,2017-03,+,-,-,Reinvestor - Debt Paydown
ADANIPORTS,2018-03,+,-,-,Shareholder Returns & Reinvestment
ADANIPORTS,2019-03,+,-,+,Growth via External Financing
ADANIPORTS,2020-03,+,-,-,Shareholder Returns & Reinvestment
ADANIPORTS,2021-03,+,-,+,Growth via External Financing
ADANIPORTS,2022-03,+,-,-,Shareholder Returns & Reinvestment
ADANIPORTS,2023-03,+,-,-,Shareholder Returns & Reinvestment
ADANIPORTS,2024-03,+,-,-,Reinvestor - Debt Paydown
ADANIPOWER,2013-03,+,-,+,Growth via External Financing
ADANIPOWER,2014-03,+,-,+,Growth via External Financing
ADANIPOWER,2015-03,+,-,-,Shareholder Returns & Reinvestment
ADANIPOWER,2016-03,+,-,-,Shareholder Returns & Reinvestment
ADANIPOWER,2017-03,+,-,-,Reinvestor - Debt Paydown
ADANIPOWER,2018-03,+,-,-,Shareholder Returns & Reinvestment
ADANIPOWER,2019-03,+,-,-,Reinvestor - Debt Paydown
ADANIPOWER,2020-03,+,-,-,Shareholder Returns & Reinvestment
ADANIPOWER,2021-03,+,-,-,Reinvestor - Debt Paydown
ADANIPOWER,2022-03,+,+,-,Divestment & Shareholder Returns
ADANIPOWER,2023-03,+,+,-,Divestment & Shareholder Returns
ADANIPOWER,2024-03,+,+,-,Divestment & Shareholder Returns
AMBUJACEM,2012-12,+,-,-,Shareholder Returns & Reinvestment
AMBUJACEM,2013-12,+,-,-,Reinvestor - Debt Paydown
AMBUJACEM,2014-12,+,-,-,Reinvestor - Debt Paydown
AMBUJACEM,2015-12,+,-,-,Shareholder Returns & Reinvestment
AMBUJACEM,2016-12,+,-,-,Reinvestor - Debt Paydown
AMBUJACEM,2017-12,+,-,-,Reinvestor - Debt Paydown
AMBUJACEM,2018-12,+,-,-,Shareholder Returns & Reinvestment
AMBUJACEM,2019-12,+,-,-,Shareholder Returns & Reinvestment
AMBUJACEM,2020-12,+,-,-,Shareholder Returns & Reinvestment
AMBUJACEM,2021-12,+,-,-,Shareholder Returns & Reinvestment
AMBUJACEM,2023-03,+,-,+,Growth via External Financing
AMBUJACEM,2024-03,+,-,+,Growth via External Financing
APOLLOHOSP,2013-03,+,-,+,Growth via External Financing
APOLLOHOSP,2014-03,+,-,-,Shareholder Returns & Reinvestment
APOLLOHOSP,2015-03,+,-,+,Growth via External Financing
APOLLOHOSP,2016-03,+,-,+,Growth via External Financing
APOLLOHOSP,2017-03,+,-,+,Growth via External Financing
APOLLOHOSP,2018-03,+,-,-,Shareholder Returns & Reinvestment
APOLLOHOSP,2019-03,+,-,-,Shareholder Returns & Reinvestment
APOLLOHOSP,2020-03,+,-,-,Reinvestor - Debt Paydown
APOLLOHOSP,2021-03,+,-,-,Shareholder Returns & Reinvestment
APOLLOHOSP,2022-03,+,-,-,Reinvestor - Debt Paydown
APOLLOHOSP,2023-03,+,-,-,Shareholder Returns & Reinvestment
APOLLOHOSP,2024-03,+,-,-,Shareholder Returns & Reinvestment
ASIANPAINT,2013-03,+,-,-,Shareholder Returns & Reinvestment
ASIANPAINT,2014-03,+,-,-,Reinvestor - Debt Paydown
ASIANPAINT,2015-03,+,-,-,Shareholder Returns & Reinvestment
ASIANPAINT,2016-03,+,-,-,Reinvestor - Debt Paydown
ASIANPAINT,2017-03,+,-,-,Shareholder Returns & Reinvestment
ASIANPAINT,2018-03,+,-,-,Reinvestor - Debt Paydown
ASIANPAINT,2019-03,+,-,-,Shareholder Returns & Reinvestment
ASIANPAINT,2020-03,+,-,-,Reinvestor - Debt Paydown
ASIANPAINT,2021-03,+,-,-,Reinvestor - Debt Paydown
ASIANPAINT,2022-03,+,-,-,Shareholder Returns & Reinvestment
ASIANPAINT,2023-03,+,-,-,Shareholder Returns & Reinvestment
ASIANPAINT,2024-03,+,-,-,Shareholder Returns & Reinvestment
AXISBANK,2013-03,+,-,+,Growth via External Financing
AXISBANK,2014-03,+,-,+,Growth via External Financing
AXISBANK,2015-03,-,-,+,Distress - Financing the Burn
AXISBANK,2016-03,-,+,+,Distress - Restructuring & Raising
AXISBANK,2017-03,+,-,-,Shareholder Returns & Reinvestment
AXISBANK,2018-03,-,-,+,Distress - Financing the Burn
AXISBANK,2019-03,+,-,+,Growth via External Financing
AXISBANK,2020-03,+,-,+,Growth via External Financing
AXISBANK,2021-03,+,-,+,Growth via External Financing
AXISBANK,2022-03,+,-,+,Growth via External Financing
AXISBANK,2023-03,+,-,+,Growth via External Financing
AXISBANK,2024-03,-,-,+,Distress - Financing the Burn
BAJAJ-AUTO,2013-03,+,-,-,Shareholder Returns & Reinvestment
BAJAJ-AUTO,2014-03,+,-,-,Reinvestor - Debt Paydown
BAJAJ-AUTO,2015-03,+,-,-,Shareholder Returns & Reinvestment
BAJAJ-AUTO,2016-03,+,-,-,Shareholder Returns & Reinvestment
BAJAJ-AUTO,2017-03,+,-,-,Shareholder Returns & Reinvestment
BAJAJ-AUTO,2018-03,+,-,-,Shareholder Returns & Reinvestment
BAJAJ-AUTO,2019-03,+,-,-,Shareholder Returns & Reinvestment
BAJAJ-AUTO,2020-03,+,+,-,Divestment & Shareholder Returns
BAJAJ-AUTO,2021-03,+,-,-,Reinvestor - Debt Paydown
BAJAJ-AUTO,2022-03,+,+,-,Divestment & Shareholder Returns
BAJAJ-AUTO,2023-03,+,+,-,Divestment & Shareholder Returns
BAJAJ-AUTO,2024-03,+,-,-,Shareholder Returns & Reinvestment
BAJAJFINSV,2013-03,-,+,+,Distress - Restructuring & Raising
BAJAJFINSV,2014-03,-,+,+,Distress - Restructuring & Raising
BAJAJFINSV,2015-03,-,+,+,Distress - Restructuring & Raising
BAJAJFINSV,2016-03,-,-,+,Distress - Financing the Burn
BAJAJFINSV,2017-03,-,+,+,Distress - Restructuring & Raising
BAJAJFINSV,2018-03,-,-,+,Distress - Financing the Burn
BAJAJFINSV,2019-03,-,-,+,Distress - Financing the Burn
BAJAJFINSV,2020-03,-,-,+,Distress - Financing the Burn
BAJAJFINSV,2021-03,+,-,+,Growth via External Financing
BAJAJFINSV,2022-03,-,+,+,Distress - Restructuring & Raising
BAJAJFINSV,2023-03,-,-,+,Distress - Financing the Burn
BAJAJFINSV,2024-03,-,-,+,Distress - Financing the Burn
BAJAJHLDNG,2013-03,+,-,-,Shareholder Returns & Reinvestment
BAJAJHLDNG,2014-03,+,-,-,Shareholder Returns & Reinvestment
BAJAJHLDNG,2015-03,+,-,-,Shareholder Returns & Reinvestment
BAJAJHLDNG,2016-03,+,+,-,Divestment & Shareholder Returns
BAJAJHLDNG,2017-03,-,-,-,Reserve-Funded Investment & Paydown
BAJAJHLDNG,2018-03,+,-,-,Shareholder Returns & Reinvestment
BAJAJHLDNG,2019-03,+,-,-,Shareholder Returns & Reinvestment
BAJAJHLDNG,2020-03,+,-,-,Shareholder Returns & Reinvestment
BAJAJHLDNG,2021-03,+,-,-,Reinvestor - Debt Paydown
BAJAJHLDNG,2022-03,+,-,-,Reinvestor - Debt Paydown
BAJAJHLDNG,2023-03,+,-,-,Reinvestor - Debt Paydown
BAJAJHLDNG,2024-03,+,-,-,Reinvestor - Debt Paydown
BAJFINANCE,2015-03,-,-,+,Distress - Financing the Burn
BAJFINANCE,2016-03,-,-,+,Distress - Financing the Burn
BAJFINANCE,2017-03,-,-,+,Distress - Financing the Burn
BAJFINANCE,2018-03,-,+,+,Distress - Restructuring & Raising
BAJFINANCE,2019-03,-,-,+,Distress - Financing the Burn
BAJFINANCE,2020-03,-,-,+,Distress - Financing the Burn
BAJFINANCE,2021-03,-,-,+,Distress - Financing the Burn
BAJFINANCE,2022-03,-,+,+,Distress - Restructuring & Raising
BAJFINANCE,2023-03,-,-,+,Distress - Financing the Burn
BAJFINANCE,2024-03,-,-,+,Distress - Financing the Burn
BANKBARODA,2013-03,+,-,-,Shareholder Returns & Reinvestment
BANKBARODA,2014-03,+,-,+,Growth via External Financing
BANKBARODA,2015-03,+,-,-,Shareholder Returns & Reinvestment
BANKBARODA,2016-03,-,-,-,Reserve-Funded Investment & Paydown
BANKBARODA,2017-03,+,-,-,Shareholder Returns & Reinvestment
BANKBARODA,2018-03,-,-,+,Distress - Financing the Burn
BANKBARODA,2019-03,-,-,+,Distress - Financing the Burn
BANKBARODA,2020-03,+,-,+,Growth via External Financing
BANKBARODA,2021-03,-,-,-,Reserve-Funded Investment & Paydown
BANKBARODA,2022-03,+,-,-,Shareholder Returns & Reinvestment
BANKBARODA,2023-03,-,-,-,Reserve-Funded Investment & Paydown
BANKBARODA,2024-03,-,-,+,Distress - Financing the Burn
BEL,2013-03,-,+,-,Asset-Sale Funded Operations
BEL,2014-03,-,+,-,Asset-Sale Funded Operations
BEL,2015-03,+,-,-,Shareholder Returns & Reinvestment
BEL,2016-03,+,-,-,Reinvestor - Debt Paydown
BEL,2017-03,-,+,-,Asset-Sale Funded Operations
BEL,2018-03,-,-,-,Reserve-Funded Investment & Paydown
BEL,2019-03,+,-,-,Reinvestor - Debt Paydown
BEL,2020-03,+,-,-,Reinvestor - Debt Paydown
BEL,2021-03,+,-,-,Shareholder Returns & Reinvestment
BEL,2022-03,+,-,-,Shareholder Returns & Reinvestment
BEL,2023-03,+,+,-,Divestment & Shareholder Returns
BEL,2024-03,+,-,-,Shareholder Returns & Reinvestment
BHARTIARTL,2013-03,+,-,-,Shareholder Returns & Reinvestment
BHARTIARTL,2014-03,+,-,+,Growth via External Financing
BHARTIARTL,2015-03,+,-,-,Shareholder Returns & Reinvestment
BHARTIARTL,2016-03,+,-,-,Shareholder Returns & Reinvestment
BHARTIARTL,2017-03,+,-,-,Shareholder Returns & Reinvestment
BHARTIARTL,2018-03,+,-,+,Growth via External Financing
BHARTIARTL,2019-03,+,-,+,Growth via External Financing
BHARTIARTL,2020-03,+,-,+,Growth via External Financing
BHARTIARTL,2021-03,+,-,-,Shareholder Returns & Reinvestment
BHARTIARTL,2022-03,+,-,-,Shareholder Returns & Reinvestment
BHARTIARTL,2023-03,+,-,-,Shareholder Returns & Reinvestment
BHARTIARTL,2024-03,+,-,-,Reinvestor - Debt Paydown
BHEL,2013-03,+,-,+,Growth via External Financing
BHEL,2014-03,+,-,+,Growth via External Financing
BHEL,2015-03,+,+,-,Divestment & Shareholder Returns
BHEL,2016-03,+,+,-,Divestment & Shareholder Returns
BHEL,2017-03,+,-,-,Reinvestor - Debt Paydown
BHEL,2018-03,+,+,-,Divestment & Shareholder Returns
BHEL,2019-03,-,+,-,Asset-Sale Funded Operations
BHEL,2020-03,-,+,+,Distress - Restructuring & Raising
BHEL,2021-03,+,-,-,Reinvestor - Debt Paydown
BHEL,2022-03,+,-,-,Reinvestor - Debt Paydown
BHEL,2023-03,-,+,+,Distress - Restructuring & Raising
BHEL,2024-03,-,+,+,Distress - Restructuring & Raising
BOSCHLTD,2012-12,+,-,-,Shareholder Returns & Reinvestment
BOSCHLTD,2013-12,+,-,-,Reinvestor - Debt Paydown
BOSCHLTD,2015-03,+,-,-,Reinvestor - Debt Paydown
BOSCHLTD,2016-03,+,-,-,Reinvestor - Debt Paydown
BOSCHLTD,2017-03,+,+,-,Divestment & Shareholder Returns
BOSCHLTD,2018-03,+,-,-,Shareholder Returns & Reinvestment
BOSCHLTD,2019-03,+,+,-,Divestment & Shareholder Returns
BOSCHLTD,2020-03,+,-,-,Shareholder Returns & Reinvestment
BOSCHLTD,2021-03,+,-,-,Reinvestor - Debt Paydown
BOSCHLTD,2022-03,+,-,-,Shareholder Returns & Reinvestment
BOSCHLTD,2023-03,+,+,-,Divestment & Shareholder Returns
BOSCHLTD,2024-03,+,+,-,Divestment & Shareholder Returns
BPCL,2013-03,+,-,-,Shareholder Returns & Reinvestment
BPCL,2014-03,+,-,-,Reinvestor - Debt Paydown
BPCL,2015-03,+,-,-,Reinvestor - Debt Paydown
BPCL,2016-03,+,-,-,Reinvestor - Debt Paydown
BPCL,2017-03,+,-,+,Growth via External Financing
BPCL,2018-03,+,-,-,Shareholder Returns & Reinvestment
BPCL,2019-03,+,-,+,Growth via External Financing
BPCL,2020-03,+,-,+,Growth via External Financing
BPCL,2021-03,+,-,-,Reinvestor - Debt Paydown
BPCL,2022-03,+,-,-,Shareholder Returns & Reinvestment
BPCL,2023-03,+,-,-,Shareholder Returns & Reinvestment
BPCL,2024-03,+,-,-,Reinvestor - Debt Paydown
BRITANNIA,2013-03,+,+,-,Divestment & Shareholder Returns
BRITANNIA,2014-03,+,-,-,Reinvestor - Debt Paydown
BRITANNIA,2015-03,+,-,-,Reinvestor - Debt Paydown
BRITANNIA,2016-03,+,-,-,Reinvestor - Debt Paydown
BRITANNIA,2017-03,+,-,-,Reinvestor - Debt Paydown
BRITANNIA,2018-03,+,-,-,Shareholder Returns & Reinvestment
BRITANNIA,2019-03,+,-,-,Reinvestor - Debt Paydown
BRITANNIA,2020-03,+,-,+,Growth via External Financing
BRITANNIA,2021-03,+,+,-,Divestment & Shareholder Returns
BRITANNIA,2022-03,+,+,-,Divestment & Shareholder Returns
BRITANNIA,2023-03,+,-,-,Shareholder Returns & Reinvestment
BRITANNIA,2024-03,+,+,-,Divestment & Shareholder Returns
CANBK,2013-03,+,-,-,Shareholder Returns & Reinvestment
CANBK,2014-03,+,-,-,Shareholder Returns & Reinvestment
CANBK,2015-03,+,-,-,Shareholder Returns & Reinvestment
CANBK,2016-03,+,-,-,Shareholder Returns & Reinvestment
CANBK,2017-03,+,-,+,Growth via External Financing
CANBK,2018-03,-,-,+,Distress - Financing the Burn
CANBK,2019-03,+,-,-,Shareholder Returns & Reinvestment
CANBK,2020-03,-,-,+,Distress - Financing the Burn
CANBK,2021-03,+,-,+,Growth via External Financing
CANBK,2022-03,+,-,+,Growth via External Financing
CANBK,2023-03,-,-,+,Distress - Financing the Burn
CANBK,2024-03,+,-,-,Shareholder Returns & Reinvestment
CHOLAFIN,2013-03,-,+,+,Distress - Restructuring & Raising
CHOLAFIN,2014-03,-,-,+,Distress - Financing the Burn
CHOLAFIN,2015-03,-,-,+,Distress - Financing the Burn
CHOLAFIN,2016-03,-,-,+,Distress - Financing the Burn
CHOLAFIN,2017-03,-,-,+,Distress - Financing the Burn
CHOLAFIN,2018-03,-,-,+,Distress - Financing the Burn
CHOLAFIN,2019-03,-,-,+,Distress - Financing the Burn
CHOLAFIN,2020-03,-,-,+,Distress - Financing the Burn
CHOLAFIN,2021-03,-,-,+,Distress - Financing the Burn
CHOLAFIN,2022-03,-,+,+,Distress - Restructuring & Raising
CHOLAFIN,2023-03,-,-,+,Distress - Financing the Burn
CHOLAFIN,2024-03,-,-,+,Distress - Financing the Burn
CIPLA,2013-03,+,-,+,Growth via External Financing
CIPLA,2014-03,+,-,-,Shareholder Returns & Reinvestment
CIPLA,2015-03,+,-,+,Growth via External Financing
CIPLA,2016-03,+,-,+,Growth via External Financing
CIPLA,2017-03,+,-,-,Reinvestor - Debt Paydown
CIPLA,2018-03,+,-,-,Reinvestor - Debt Paydown
CIPLA,2019-03,+,-,-,Shareholder Returns & Reinvestment
CIPLA,2020-03,+,+,-,Divestment & Shareholder Returns
CIPLA,2021-03,+,-,-,Reinvestor - Debt Paydown
CIPLA,2022-03,+,-,-,Reinvestor - Debt Paydown
CIPLA,2023-03,+,-,-,Reinvestor - Debt Paydown
CIPLA,2024-03,+,-,-,Reinvestor - Debt Paydown
COALINDIA,2013-03,+,-,-,Shareholder Returns & Reinvestment
COALINDIA,2014-03,+,+,-,Divestment & Shareholder Returns
COALINDIA,2015-03,+,+,-,Divestment & Shareholder Returns
COALINDIA,2016-03,+,+,-,Divestment & Shareholder Returns
COALINDIA,2017-03,+,+,-,Divestment & Shareholder Returns
COALINDIA,2018-03,+,-,-,Reinvestor - Debt Paydown
COALINDIA,2019-03,+,-,-,Shareholder Returns & Reinvestment
COALINDIA,2020-03,+,+,-,Divestment & Shareholder Returns
COALINDIA,2021-03,+,+,-,Divestment & Shareholder Returns
COALINDIA,2022-03,+,-,-,Reinvestor - Debt Paydown
COALINDIA,2023-03,+,-,-,Shareholder Returns & Reinvestment
COALINDIA,2024-03,+,-,-,Shareholder Returns & Reinvestment
DABUR,2013-03,+,-,-,Shareholder Returns & Reinvestment
DABUR,2014-03,+,-,-,Reinvestor - Debt Paydown
DABUR,2015-03,+,-,-,Shareholder Returns & Reinvestment
DABUR,2016-03,+,-,-,Shareholder Returns & Reinvestment
DABUR,2017-03,+,-,-,Shareholder Returns & Reinvestment
DABUR,2018-03,+,-,-,Reinvestor - Debt Paydown
DABUR,2019-03,+,+,-,Divestment & Shareholder Returns
DABUR,2020-03,+,-,-,Reinvestor - Debt Paydown
DABUR,2021-03,+,-,-,Reinvestor - Debt Paydown
DABUR,2022-03,+,-,-,Shareholder Returns & Reinvestment
DABUR,2023-03,+,-,-,Shareholder Returns & Reinvestment
DABUR,2024-03,+,-,-,Shareholder Returns & Reinvestment
DIVISLAB,2013-03,+,-,-,Shareholder Returns & Reinvestment
DIVISLAB,2014-03,+,-,-,Reinvestor - Debt Paydown
DIVISLAB,2015-03,+,-,-,Shareholder Returns & Reinvestment
DIVISLAB,2016-03,+,-,-,Shareholder Returns & Reinvestment
DIVISLAB,2017-03,+,-,+,Growth via External Financing
DIVISLAB,2018-03,+,-,-,Shareholder Returns & Reinvestment
DIVISLAB,2019-03,+,-,-,Shareholder Returns & Reinvestment
DIVISLAB,2020-03,+,-,-,Reinvestor - Debt Paydown
DIVISLAB,2021-03,+,+,-,Divestment & Shareholder Returns
DIVISLAB,2022-03,+,-,-,Reinvestor - Debt Paydown
DIVISLAB,2023-03,+,-,-,Shareholder Returns & Reinvestment
DIVISLAB,2024-03,+,-,-,Reinvestor - Debt Paydown
DLF,2013-03,+,+,-,Divestment & Shareholder Returns
DLF,2014-03,+,+,-,Divestment & Shareholder Returns
DLF,2015-03,+,+,-,Divestment & Shareholder Returns
DLF,2016-03,+,-,-,Shareholder Returns & Reinvestment
DLF,2017-03,-,+,+,Distress - Restructuring & Raising
DLF,2018-03,+,-,-,Reinvestor - Debt Paydown
DLF,2019-03,+,+,+,Liquidity Build
DLF,2020-03,+,+,-,Divestment & Shareholder Returns
DLF,2021-03,+,+,-,Divestment & Shareholder Returns
DLF,2022-03,+,+,-,Divestment & Shareholder Returns
DLF,2023-03,+,-,-,Reinvestor - Debt Paydown
DLF,2024-03,+,-,+,Growth via External Financing
DMART,2013-03,+,-,+,Growth via External Financing
DMART,2014-03,+,-,+,Growth via External Financing
DMART,2015-03,+,-,+,Growth via External Financing
DMART,2016-03,+,-,+,Growth via External Financing
DMART,2017-03,+,-,+,Growth via External Financing
DMART,2018-03,+,+,-,Divestment & Shareholder Returns
DMART,2019-03,+,-,+,Growth via External Financing
DMART,2020-03,+,-,+,Growth via External Financing
DMART,2021-03,+,-,-,Shareholder Returns & Reinvestment
DMART,2022-03,+,-,-,Shareholder Returns & Reinvestment
DMART,2023-03,+,-,-,Reinvestor - Debt Paydown
DMART,2024-03,+,-,-,Reinvestor - Debt Paydown
DRREDDY,2013-03,+,-,-,Shareholder Returns & Reinvestment
DRREDDY,2014-03,+,-,-,Shareholder Returns & Reinvestment
DRREDDY,2015-03,+,-,-,Reinvestor - Debt Paydown
DRREDDY,2016-03,+,-,-,Reinvestor - Debt Paydown
DRREDDY,2017-03,+,-,-,Shareholder Returns & Reinvestment
DRREDDY,2018-03,+,-,-,Shareholder Returns & Reinvestment
DRREDDY,2019-03,+,-,-,Reinvestor - Debt Paydown
DRREDDY,2020-03,+,-,-,Reinvestor - Debt Paydown
DRREDDY,2021-03,+,-,-,Shareholder Returns & Reinvestment
DRREDDY,2022-03,+,-,-,Shareholder Returns & Reinvestment
DRREDDY,2023-03,+,-,-,Reinvestor - Debt Paydown
DRREDDY,2024-03,+,-,-,Shareholder Returns & Reinvestment
EICHERMOT,2012-12,+,-,-,Shareholder Returns & Reinvestment
EICHERMOT,2013-12,+,-,-,Shareholder Returns & Reinvestment
EICHERMOT,2014-12,+,-,-,Reinvestor - Debt Paydown
EICHERMOT,2016-03,+,-,-,Reinvestor - Debt Paydown
EICHERMOT,2017-03,+,-,+,Growth via External Financing
EICHERMOT,2018-03,+,-,-,Shareholder Returns & Reinvestment
EICHERMOT,2019-03,+,-,-,Shareholder Returns & Reinvestment
EICHERMOT,2020-03,+,-,-,Shareholder Returns & Reinvestment
EICHERMOT,2021-03,+,-,-,Reinvestor - Debt Paydown
EICHERMOT,2022-03,+,-,-,Reinvestor - Debt Paydown
EICHERMOT,2023-03,+,-,-,Shareholder Returns & Reinvestment
EICHERMOT,2024-03,+,-,-,Shareholder Returns & Reinvestment
GAIL,2013-03,+,-,+,Growth via External Financing
GAIL,2014-03,+,-,-,Shareholder Returns & Reinvestment
GAIL,2015-03,+,-,-,Reinvestor - Debt Paydown
GAIL,2016-03,+,-,-,Reinvestor - Debt Paydown
GAIL,2017-03,+,-,-,Reinvestor - Debt Paydown
GAIL,2018-03,+,-,-,Reinvestor - Debt Paydown
GAIL,2019-03,+,-,-,Reinvestor - Debt Paydown
GAIL,2020-03,+,-,+,Growth via External Financing
GAIL,2021-03,+,-,-,Shareholder Returns & Reinvestment
GAIL,2022-03,+,-,-,Shareholder Returns & Reinvestment
GAIL,2023-03,+,-,+,Growth via External Financing
GAIL,2024-03,+,-,-,Shareholder Returns & Reinvestment
GODREJCP,2013-03,+,-,+,Growth via External Financing
GODREJCP,2014-03,+,-,-,Reinvestor - Debt Paydown
GODREJCP,2015-03,+,-,-,Shareholder Returns & Reinvestment
GODREJCP,2016-03,+,-,-,Shareholder Returns & Reinvestment
GODREJCP,2017-03,+,-,+,Growth via External Financing
GODREJCP,2018-03,+,-,-,Reinvestor - Debt Paydown
GODREJCP,2019-03,+,+,-,Divestment & Shareholder Returns
GODREJCP,2020-03,+,-,-,Shareholder Returns & Reinvestment
GODREJCP,2021-03,+,-,-,Reinvestor - Debt Paydown
GODREJCP,2022-03,+,-,-,Reinvestor - Debt Paydown
GODREJCP,2023-03,+,-,-,Reinvestor - Debt Paydown
GODREJCP,2024-03,+,-,+,Growth via External Financing
GRASIM,2013-03,+,-,+,Growth via External Financing
GRASIM,2014-03,+,-,-,Shareholder Returns & Reinvestment
GRASIM,2015-03,+,-,-,Shareholder Returns & Reinvestment
GRASIM,2016-03,+,-,-,Shareholder Returns & Reinvestment
GRASIM,2017-03,+,-,-,Reinvestor - Debt Paydown
GRASIM,2018-03,-,+,+,Distress - Restructuring & Raising
GRASIM,2019-03,-,-,+,Distress - Financing the Burn
GRASIM,2020-03,+,-,-,Shareholder Returns & Reinvestment
GRASIM,2021-03,+,-,-,Reinvestor - Debt Paydown
GRASIM,2022-03,+,-,-,Reinvestor - Debt Paydown
GRASIM,2023-03,-,-,+,Distress - Financing the Burn
GRASIM,2024-03,-,-,+,Distress - Financing the Burn
HAL,2017-03,-,+,-,Asset-Sale Funded Operations
HAL,2018-03,-,+,-,Asset-Sale Funded Operations
HAL,2019-03,-,+,+,Distress - Restructuring & Raising
HAL,2020-03,+,-,+,Growth via External Financing
HAL,2021-03,+,-,-,Shareholder Returns & Reinvestment
HAL,2022-03,+,-,-,Shareholder Returns & Reinvestment
HAL,2023-03,+,-,-,Shareholder Returns & Reinvestment
HAL,2024-03,+,-,-,Shareholder Returns & Reinvestment
HAVELLS,2013-03,+,-,-,Shareholder Returns & Reinvestment
HAVELLS,2014-03,+,-,-,Shareholder Returns & Reinvestment
HAVELLS,2015-03,+,-,-,Reinvestor - Debt Paydown
HAVELLS,2016-03,+,-,-,Reinvestor - Debt Paydown
HAVELLS,2017-03,+,-,-,Shareholder Returns & Reinvestment
HAVELLS,2018-03,+,-,-,Reinvestor - Debt Paydown
HAVELLS,2019-03,+,+,-,Divestment & Shareholder Returns
HAVELLS,2020-03,+,-,-,Reinvestor - Debt Paydown
HAVELLS,2021-03,+,-,+,Growth via External Financing
HAVELLS,2022-03,+,-,-,Shareholder Returns & Reinvestment
HAVELLS,2023-03,+,+,-,Divestment & Shareholder Returns
HAVELLS,2024-03,+,-,-,Shareholder Returns & Reinvestment
HCLTECH,2013-06,+,-,-,Shareholder Returns & Reinvestment
HCLTECH,2014-06,+,-,-,Reinvestor - Debt Paydown
HCLTECH,2015-06,+,-,-,Reinvestor - Debt Paydown
HCLTECH,2016-03,+,-,-,Shareholder Returns & Reinvestment
HCLTECH,2017-03,+,-,-,Reinvestor - Debt Paydown
HCLTECH,2018-03,+,-,-,Reinvestor - Debt Paydown
HCLTECH,2019-03,+,-,-,Shareholder Returns & Reinvestment
HCLTECH,2020-03,+,-,-,Shareholder Returns & Reinvestment
HCLTECH,2021-03,+,-,-,Reinvestor - Debt Paydown
HCLTECH,2022-03,+,+,-,Divestment & Shareholder Returns
HCLTECH,2023-03,+,-,-,Reinvestor - Debt Paydown
HCLTECH,2024-03,+,-,-,Shareholder Returns & Reinvestment
HDFCBANK,2013-03,-,-,+,Distress - Financing the Burn
HDFCBANK,2014-03,+,-,+,Growth via External Financing
HDFCBANK,2015-03,-,-,+,Distress - Financing the Burn
HDFCBANK,2016-03,-,-,+,Distress - Financing the Burn
HDFCBANK,2017-03,+,-,-,Shareholder Returns & Reinvestment
HDFCBANK,2018-03,+,-,+,Growth via External Financing
HDFCBANK,2019-03,-,-,+,Distress - Financing the Burn
HDFCBANK,2020-03,-,-,+,Distress - Financing the Burn
HDFCBANK,2021-03,+,-,-,Shareholder Returns & Reinvestment
HDFCBANK,2022-03,-,-,+,Distress - Financing the Burn
HDFCBANK,2023-03,+,-,+,Growth via External Financing
HDFCBANK,2024-03,+,+,-,Divestment & Shareholder Returns
HDFCLIFE,2013-03,-,-,-,Reserve-Funded Investment & Paydown
HDFCLIFE,2014-03,-,-,-,Reserve-Funded Investment & Paydown
HDFCLIFE,2015-03,+,-,-,Shareholder Returns & Reinvestment
HDFCLIFE,2016-03,+,-,-,Shareholder Returns & Reinvestment
HDFCLIFE,2017-03,+,-,-,Shareholder Returns & Reinvestment
HDFCLIFE,2018-03,+,-,-,Shareholder Returns & Reinvestment
HDFCLIFE,2019-03,+,-,-,Shareholder Returns & Reinvestment
HDFCLIFE,2020-03,+,-,+,Growth via External Financing
HDFCLIFE,2021-03,+,-,+,Growth via External Financing
HDFCLIFE,2022-03,+,-,-,Shareholder Returns & Reinvestment
HDFCLIFE,2023-03,+,-,+,Growth via External Financing
HDFCLIFE,2024-03,+,-,-,Shareholder Returns & Reinvestment
HEROMOTOCO,2014-03,+,-,-,Shareholder Returns & Reinvestment
HEROMOTOCO,2015-03,+,+,-,Divestment & Shareholder Returns
HEROMOTOCO,2016-03,+,-,-,Shareholder Returns & Reinvestment
HEROMOTOCO,2017-03,+,-,-,Shareholder Returns & Reinvestment
HEROMOTOCO,2018-03,+,-,-,Reinvestor - Debt Paydown
HEROMOTOCO,2019-03,+,+,-,Divestment & Shareholder Returns
HEROMOTOCO,2020-03,+,-,-,Shareholder Returns & Reinvestment
HEROMOTOCO,2021-03,+,-,-,Shareholder Returns & Reinvestment
HEROMOTOCO,2022-03,+,-,-,Shareholder Returns & Reinvestment
HEROMOTOCO,2023-03,+,-,-,Reinvestor - Debt Paydown
HEROMOTOCO,2024-03,+,-,-,Shareholder Returns & Reinvestment
HINDALCO,2013-03,+,-,+,Growth via External Financing
HINDALCO,2014-03,+,-,+,Growth via External Financing
HINDALCO,2015-03,+,-,-,Shareholder Returns & Reinvestment
HINDALCO,2016-03,+,-,-,Reinvestor - Debt Paydown
HINDALCO,2017-03,+,-,-,Reinvestor - Debt Paydown
HINDALCO,2018-03,+,+,-,Divestment & Shareholder Returns
HINDALCO,2019-03,+,-,-,Shareholder Returns & Reinvestment
HINDALCO,2020-03,+,-,+,Growth via External Financing
HINDALCO,2021-03,+,-,-,Reinvestor - Debt Paydown
HINDALCO,2022-03,+,-,-,Reinvestor - Debt Paydown
HINDALCO,2023-03,+,-,-,Reinvestor - Debt Paydown
HINDALCO,2024-03,+,-,-,Reinvestor - Debt Paydown
HINDUNILVR,2013-03,+,+,-,Divestment & Shareholder Returns
HINDUNILVR,2014-03,+,-,-,Shareholder Returns & Reinvestment
HINDUNILVR,2015-03,+,+,-,Divestment & Shareholder Returns
HINDUNILVR,2016-03,+,-,-,Shareholder Returns & Reinvestment
HINDUNILVR,2017-03,+,-,-,Shareholder Returns & Reinvestment
HINDUNILVR,2018-03,+,-,-,Reinvestor - Debt Paydown
HINDUNILVR,2019-03,+,-,-,Shareholder Returns & Reinvestment
HINDUNILVR,2020-03,+,+,-,Divestment & Shareholder Returns
HINDUNILVR,2021-03,+,-,-,Shareholder Returns & Reinvestment
HINDUNILVR,2022-03,+,-,-,Shareholder Returns & Reinvestment
HINDUNILVR,2023-03,+,-,-,Shareholder Returns & Reinvestment
HINDUNILVR,2024-03,+,-,-,Shareholder Returns & Reinvestment
ICICIBANK,2013-03,+,-,+,Growth via External Financing
ICICIBANK,2014-03,+,-,+,Growth via External Financing
ICICIBANK,2015-03,-,-,+,Distress - Financing the Burn
ICICIBANK,2016-03,+,-,+,Growth via External Financing
ICICIBANK,2017-03,+,-,-,Shareholder Returns & Reinvestment
ICICIBANK,2018-03,+,-,+,Growth via External Financing
ICICIBANK,2019-03,+,-,-,Shareholder Returns & Reinvestment
ICICIBANK,2020-03,+,-,+,Growth via External Financing
ICICIBANK,2021-03,+,-,-,Shareholder Returns & Reinvestment
ICICIBANK,2022-03,+,-,+,Growth via External Financing
ICICIBANK,2023-03,-,-,+,Distress - Financing the Burn
ICICIBANK,2024-03,+,-,+,Growth via External Financing
ICICIGI,2013-03,+,-,+,Growth via External Financing
ICICIGI,2014-03,+,-,+,Growth via External Financing
ICICIGI,2015-03,-,+,-,Asset-Sale Funded Operations
ICICIGI,2016-03,+,-,-,Shareholder Returns & Reinvestment
ICICIGI,2017-03,+,-,+,Growth via External Financing
ICICIGI,2018-03,+,-,-,Shareholder Returns & Reinvestment
ICICIGI,2019-03,+,-,-,Shareholder Returns & Reinvestment
ICICIGI,2020-03,+,-,-,Shareholder Returns & Reinvestment
ICICIGI,2021-03,+,-,-,Shareholder Returns & Reinvestment
ICICIGI,2022-03,+,+,-,Divestment & Shareholder Returns
ICICIGI,2023-03,+,-,-,Reinvestor - Debt Paydown
ICICIGI,2024-03,+,-,-,Shareholder Returns & Reinvestment
ICICIPRULI,2013-03,-,+,-,Asset-Sale Funded Operations
ICICIPRULI,2014-03,-,+,-,Asset-Sale Funded Operations
ICICIPRULI,2015-03,+,-,-,Shareholder Returns & Reinvestment
ICICIPRULI,2016-03,+,+,-,Divestment & Shareholder Returns
ICICIPRULI,2017-03,+,-,-,Reinvestor - Debt Paydown
ICICIPRULI,2018-03,+,-,-,Shareholder Returns & Reinvestment
ICICIPRULI,2019-03,+,-,-,Shareholder Returns & Reinvestment
ICICIPRULI,2020-03,+,-,-,Shareholder Returns & Reinvestment
ICICIPRULI,2021-03,+,-,+,Growth via External Financing
ICICIPRULI,2022-03,+,-,-,Shareholder Returns & Reinvestment
ICICIPRULI,2023-03,+,-,-,Shareholder Returns & Reinvestment
ICICIPRULI,2024-03,-,+,-,Asset-Sale Funded Operations
INDIGO,2013-03,+,-,+,Growth via External Financing
INDIGO,2014-03,+,-,+,Growth via External Financing
INDIGO,2015-03,+,-,-,Reinvestor - Debt Paydown
INDIGO,2016-03,+,-,-,Shareholder Returns & Reinvestment
INDIGO,2017-03,+,-,-,Shareholder Returns & Reinvestment
INDIGO,2018-03,+,-,+,Growth via External Financing
INDIGO,2019-03,+,-,-,Shareholder Returns & Reinvestment
INDIGO,2020-03,+,-,-,Reinvestor - Debt Paydown
INDIGO,2021-03,-,+,-,Asset-Sale Funded Operations
INDIGO,2022-03,+,+,-,Divestment & Shareholder Returns
INDIGO,2023-03,+,-,-,Shareholder Returns & Reinvestment
INDIGO,2024-03,+,-,-,Shareholder Returns & Reinvestment
INDUSINDBK,2013-03,-,-,+,Distress - Financing the Burn
INDUSINDBK,2014-03,-,-,+,Distress - Financing the Burn
INDUSINDBK,2015-03,-,-,+,Distress - Financing the Burn
INDUSINDBK,2016-03,-,-,+,Distress - Financing the Burn
INDUSINDBK,2017-03,+,-,-,Shareholder Returns & Reinvestment
INDUSINDBK,2018-03,-,-,+,Distress - Financing the Burn
INDUSINDBK,2019-03,-,-,+,Distress - Financing the Burn
INDUSINDBK,2020-03,-,+,+,Distress - Restructuring & Raising
INDUSINDBK,2021-03,+,-,-,Shareholder Returns & Reinvestment
INDUSINDBK,2022-03,+,-,-,Shareholder Returns & Reinvestment
INDUSINDBK,2023-03,-,-,+,Distress - Financing the Burn
INDUSINDBK,2024-03,-,-,-,Reserve-Funded Investment & Paydown
INFY,2013-03,+,-,-,Shareholder Returns & Reinvestment
INFY,2014-03,+,-,-,Shareholder Returns & Reinvestment
INFY,2015-03,+,+,-,Divestment & Shareholder Returns
INFY,2016-03,+,-,-,Shareholder Returns & Reinvestment
INFY,2017-03,+,-,-,Shareholder Returns & Reinvestment
INFY,2018-03,+,+,-,Divestment & Shareholder Returns
INFY,2019-03,+,-,-,Shareholder Returns & Reinvestment
INFY,2020-03,+,-,-,Shareholder Returns & Reinvestment
INFY,2021-03,+,-,-,Shareholder Returns & Reinvestment
INFY,2022-03,+,-,-,Shareholder Returns & Reinvestment
INFY,2023-03,+,-,-,Shareholder Returns & Reinvestment
INFY,2024-03,+,-,-,Shareholder Returns & Reinvestment
IOC,2013-03,+,-,+,Growth via External Financing
IOC,2014-03,+,-,-,Shareholder Returns & Reinvestment
IOC,2015-03,+,-,-,Reinvestor - Debt Paydown
IOC,2016-03,+,-,-,Reinvestor - Debt Paydown
IOC,2017-03,+,-,-,Shareholder Returns & Reinvestment
IOC,2018-03,+,-,-,Shareholder Returns & Reinvestment
IOC,2019-03,+,-,+,Growth via External Financing
IOC,2020-03,+,-,+,Growth via External Financing
IOC,2021-03,+,-,-,Reinvestor - Debt Paydown
IOC,2022-03,+,-,-,Shareholder Returns & Reinvestment
IOC,2023-03,+,-,-,Shareholder Returns & Reinvestment
IOC,2024-03,+,-,-,Reinvestor - Debt Paydown
IRCTC,2015-03,+,-,-,Shareholder Returns & Reinvestment
IRCTC,2016-03,+,+,-,Divestment & Shareholder Returns
IRCTC,2017-03,+,+,-,Divestment & Shareholder Returns
IRCTC,2018-03,+,+,-,Divestment & Shareholder Returns
IRCTC,2019-03,+,-,-,Shareholder Returns & Reinvestment
IRCTC,2020-03,+,+,-,Divestment & Shareholder Returns
IRCTC,2021-03,+,-,-,Shareholder Returns & Reinvestment
IRCTC,2022-03,+,-,-,Shareholder Returns & Reinvestment
IRCTC,2023-03,+,-,-,Reinvestor - Debt Paydown
IRCTC,2024-03,+,-,-,Reinvestor - Debt Paydown
IRFC,2016-03,-,+,+,Distress - Restructuring & Raising
IRFC,2017-03,-,+,+,Distress - Restructuring & Raising
IRFC,2018-03,-,+,+,Distress - Restructuring & Raising
IRFC,2019-03,-,+,+,Distress - Restructuring & Raising
IRFC,2020-03,-,+,+,Distress - Restructuring & Raising
IRFC,2021-03,-,-,+,Distress - Financing the Burn
IRFC,2022-03,-,-,+,Distress - Financing the Burn
IRFC,2023-03,-,-,+,Distress - Financing the Burn
IRFC,2024-03,+,-,-,Reinvestor - Debt Paydown
ITC,2013-03,+,-,-,Shareholder Returns & Reinvestment
ITC,2014-03,+,-,-,Shareholder Returns & Reinvestment
ITC,2015-03,+,-,-,Shareholder Returns & Reinvestment
ITC,2016-03,+,-,-,Reinvestor - Debt Paydown
ITC,2017-03,+,-,-,Reinvestor - Debt Paydown
ITC,2018-03,+,-,-,Reinvestor - Debt Paydown
ITC,2019-03,+,-,-,Reinvestor - Debt Paydown
ITC,2020-03,+,-,-,Shareholder Returns & Reinvestment
ITC,2021-03,+,+,-,Divestment & Shareholder Returns
ITC,2022-03,+,-,-,Reinvestor - Debt Paydown
ITC,2023-03,+,-,-,Shareholder Returns & Reinvestment
ITC,2024-03,+,+,-,Divestment & Shareholder Returns
JINDALSTEL,2013-03,+,-,+,Growth via External Financing
JINDALSTEL,2014-03,+,-,+,Growth via External Financing
JINDALSTEL,2015-03,+,-,+,Growth via External Financing
JINDALSTEL,2016-03,+,-,-,Shareholder Returns & Reinvestment
JINDALSTEL,2017-03,+,-,-,Reinvestor - Debt Paydown
JINDALSTEL,2018-03,+,-,-,Reinvestor - Debt Paydown
JINDALSTEL,2019-03,+,-,-,Reinvestor - Debt Paydown
JINDALSTEL,2020-03,+,-,-,Reinvestor - Debt Paydown
JINDALSTEL,2021-03,+,-,-,Reinvestor - Debt Paydown
JINDALSTEL,2022-03,+,-,-,Reinvestor - Debt Paydown
JINDALSTEL,2023-03,+,-,-,Reinvestor - Debt Paydown
JINDALSTEL,2024-03,+,-,+,Growth via External Financing
JIOFIN,2023-03,+,-,-,Shareholder Returns & Reinvestment
JIOFIN,2024-03,-,+,-,Asset-Sale Funded Operations
JSWENERGY,2013-03,+,-,-,Shareholder Returns & Reinvestment
JSWENERGY,2014-03,+,-,-,Reinvestor - Debt Paydown
JSWENERGY,2015-03,+,-,-,Reinvestor - Debt Paydown
JSWENERGY,2016-03,+,-,-,Shareholder Returns & Reinvestment
JSWENERGY,2017-03,+,-,-,Reinvestor - Debt Paydown
JSWENERGY,2018-03,+,-,-,Reinvestor - Debt Paydown
JSWENERGY,2019-03,+,-,-,Reinvestor - Debt Paydown
JSWENERGY,2020-03,+,+,-,Divestment & Shareholder Returns
JSWENERGY,2021-03,+,-,-,Reinvestor - Debt Paydown
JSWENERGY,2022-03,+,-,-,Shareholder Returns & Reinvestment
JSWENERGY,2023-03,+,-,+,Growth via External Financing
JSWENERGY,2024-03,+,-,+,Growth via External Financing
JSWSTEEL,2013-03,+,-,-,Shareholder Returns & Reinvestment
JSWSTEEL,2014-03,+,-,+,Growth via External Financing
JSWSTEEL,2015-03,+,-,-,Shareholder Returns & Reinvestment
JSWSTEEL,2016-03,+,-,-,Shareholder Returns & Reinvestment
JSWSTEEL,2017-03,+,-,-,Shareholder Returns & Reinvestment
JSWSTEEL,2018-03,+,-,-,Reinvestor - Debt Paydown
JSWSTEEL,2019-03,+,-,+,Growth via External Financing
JSWSTEEL,2020-03,+,-,+,Growth via External Financing
JSWSTEEL,2021-03,+,-,-,Shareholder Returns & Reinvestment
JSWSTEEL,2022-03,+,-,-,Shareholder Returns & Reinvestment
JSWSTEEL,2023-03,+,-,-,Shareholder Returns & Reinvestment
JSWSTEEL,2024-03,+,-,-,Shareholder Returns & Reinvestment
KOTAKBANK,2013-03,+,-,+,Growth via External Financing
KOTAKBANK,2014-03,+,-,-,Shareholder Returns & Reinvestment
KOTAKBANK,2015-03,+,-,+,Growth via External Financing
KOTAKBANK,2016-03,+,-,+,Growth via External Financing
KOTAKBANK,2017-03,+,-,+,Growth via External Financing
KOTAKBANK,2018-03,-,-,+,Distress - Financing the Burn
KOTAKBANK,2019-03,+,-,+,Growth via External Financing
KOTAKBANK,2020-03,+,-,-,Shareholder Returns & Reinvestment
KOTAKBANK,2021-03,+,-,-,Shareholder Returns & Reinvestment
KOTAKBANK,2022-03,+,-,+,Growth via External Financing
KOTAKBANK,2023-03,-,-,+,Distress - Financing the Burn
KOTAKBANK,2024-03,+,-,+,Growth via External Financing
LICI,2019-03,+,+,-,Divestment & Shareholder Returns
LICI,2020-03,+,-,-,Reinvestor - Debt Paydown
LICI,2021-03,+,+,-,Divestment & Shareholder Returns
LICI,2022-03,-,+,-,Asset-Sale Funded Operations
LICI,2023-03,+,-,-,Reinvestor - Debt Paydown
LICI,2024-03,+,-,-,Shareholder Returns & Reinvestment
LODHA,2016-03,+,-,+,Growth via External Financing
LODHA,2017-03,+,-,-,Shareholder Returns & Reinvestment
LODHA,2018-03,+,-,+,Growth via External Financing
LODHA,2019-03,-,-,+,Distress - Financing the Burn
LODHA,2020-03,+,+,-,Divestment & Shareholder Returns
LODHA,2021-03,+,+,-,Divestment & Shareholder Returns
LODHA,2022-03,+,+,-,Divestment & Shareholder Returns
LODHA,2023-03,+,+,-,Divestment & Shareholder Returns
LODHA,2024-03,+,-,+,Growth via External Financing
LT,2013-03,-,-,+,Distress - Financing the Burn
LT,2014-03,-,-,+,Distress - Financing the Burn
LT,2015-03,-,-,+,Distress - Financing the Burn
LT,2016-03,-,-,+,Distress - Financing the Burn
LT,2017-03,+,-,+,Growth via External Financing
LT,2018-03,-,+,+,Distress - Restructuring & Raising
LT,2019-03,-,-,+,Distress - Financing the Burn
LT,2020-03,+,-,+,Growth via External Financing
LT,2021-03,+,-,-,Reinvestor - Debt Paydown
LT,2022-03,+,-,-,Reinvestor - Debt Paydown
LT,2023-03,+,-,-,Shareholder Returns & Reinvestment
LT,2024-03,+,+,-,Divestment & Shareholder Returns
LTIM,2013-03,+,-,-,Shareholder Returns & Reinvestment
LTIM,2014-03,+,+,-,Divestment & Shareholder Returns
LTIM,2015-03,+,-,-,Shareholder Returns & Reinvestment
LTIM,2016-03,+,-,-,Reinvestor - Debt Paydown
LTIM,2017-03,+,-,-,Reinvestor - Debt Paydown
LTIM,2018-03,+,-,-,Shareholder Returns & Reinvestment
LTIM,2019-03,+,-,-,Shareholder Returns & Reinvestment
LTIM,2020-03,+,-,-,Shareholder Returns & Reinvestment
LTIM,2021-03,+,-,-,Reinvestor - Debt Paydown
LTIM,2022-03,+,-,-,Reinvestor - Debt Paydown
LTIM,2023-03,+,-,-,Shareholder Returns & Reinvestment
LTIM,2024-03,+,-,-,Shareholder Returns & Reinvestment
M&M,2013-03,-,-,+,Distress - Financing the Burn
M&M,2014-03,-,-,+,Distress - Financing the Burn
M&M,2015-03,+,-,+,Growth via External Financing
M&M,2016-03,+,-,+,Growth via External Financing
M&M,2017-03,+,-,+,Growth via External Financing
M&M,2018-03,+,-,+,Growth via External Financing
M&M,2019-03,-,-,+,Distress - Financing the Burn
M&M,2020-03,-,-,+,Distress - Financing the Burn
M&M,2021-03,+,-,+,Growth via External Financing
M&M,2022-03,+,-,-,Reinvestor - Debt Paydown
M&M,2023-03,-,-,+,Distress - Financing the Burn
M&M,2024-03,-,-,+,Distress - Financing the Burn
MARUTI,2013-03,+,-,-,Shareholder Returns & Reinvestment
MARUTI,2014-03,+,-,-,Shareholder Returns & Reinvestment
MARUTI,2015-03,+,-,-,Reinvestor - Debt Paydown
MARUTI,2016-03,+,-,-,Reinvestor - Debt Paydown
MARUTI,2017-03,+,-,-,Shareholder Returns & Reinvestment
MARUTI,2018-03,+,-,-,Reinvestor - Debt Paydown
MARUTI,2019-03,+,-,-,Shareholder Returns & Reinvestment
MARUTI,2020-03,+,-,-,Shareholder Returns & Reinvestment
MARUTI,2021-03,+,-,-,Shareholder Returns & Reinvestment
MARUTI,2022-03,+,-,-,Reinvestor - Debt Paydown
MARUTI,2023-03,+,-,-,Shareholder Returns & Reinvestment
MARUTI,2024-03,+,-,-,Reinvestor - Debt Paydown
MOTHERSON,2013-03,+,-,-,Shareholder Returns & Reinvestment
MOTHERSON,2014-03,+,-,-,Reinvestor - Debt Paydown
MOTHERSON,2015-03,+,-,+,Growth via External Financing
MOTHERSON,2016-03,+,-,-,Shareholder Returns & Reinvestment
MOTHERSON,2017-03,+,-,+,Growth via External Financing
MOTHERSON,2018-03,+,-,-,Shareholder Returns & Reinvestment
MOTHERSON,2019-03,+,-,-,Shareholder Returns & Reinvestment
MOTHERSON,2020-03,+,-,-,Shareholder Returns & Reinvestment
MOTHERSON,2021-03,+,-,-,Reinvestor - Debt Paydown
MOTHERSON,2022-03,+,-,-,Shareholder Returns & Reinvestment
MOTHERSON,2023-03,+,-,-,Reinvestor - Debt Paydown
MOTHERSON,2024-03,+,-,+,Growth via External Financing
NAUKRI,2013-03,+,-,-,Shareholder Returns & Reinvestment
NAUKRI,2014-03,+,-,+,Growth via External Financing
NAUKRI,2015-03,+,-,+,Growth via External Financing
NAUKRI,2016-03,+,-,-,Shareholder Returns & Reinvestment
NAUKRI,2017-03,+,-,-,Shareholder Returns & Reinvestment
NAUKRI,2018-03,+,-,-,Shareholder Returns & Reinvestment
NAUKRI,2019-03,+,-,-,Shareholder Returns & Reinvestment
NAUKRI,2020-03,+,+,-,Divestment & Shareholder Returns
NAUKRI,2021-03,+,-,+,Growth via External Financing
NAUKRI,2022-03,+,-,+,Growth via External Financing
NAUKRI,2023-03,+,-,+,Growth via External Financing
NAUKRI,2024-03,+,-,+,Growth via External Financing
NESTLEIND,2013-12,+,-,-,Shareholder Returns & Reinvestment
NESTLEIND,2014-12,+,-,-,Reinvestor - Debt Paydown
NESTLEIND,2015-12,+,-,-,Reinvestor - Debt Paydown
NESTLEIND,2016-12,+,-,-,Shareholder Returns & Reinvestment
NESTLEIND,2017-12,+,-,-,Shareholder Returns & Reinvestment
NESTLEIND,2018-12,+,-,-,Shareholder Returns & Reinvestment
NESTLEIND,2019-12,+,+,-,Divestment & Shareholder Returns
NESTLEIND,2020-12,+,-,-,Reinvestor - Debt Paydown
NESTLEIND,2021-12,+,-,-,Shareholder Returns & Reinvestment
NESTLEIND,2022-12,+,-,-,Shareholder Returns & Reinvestment
NESTLEIND,2023-12,+,-,-,Shareholder Returns & Reinvestment
NESTLEIND,2024-03,+,-,-,Shareholder Returns & Reinvestment
NHPC,2013-03,+,-,-,Shareholder Returns & Reinvestment
NHPC,2014-03,+,-,-,Shareholder Returns & Reinvestment
NHPC,2015-03,+,-,-,Reinvestor - Debt Paydown
NHPC,2016-03,+,-,-,Reinvestor - Debt Paydown
NHPC,2017-03,+,-,-,Reinvestor - Debt Paydown
NHPC,2018-03,+,-,-,Reinvestor - Debt Paydown
NHPC,2019-03,+,-,-,Shareholder Returns & Reinvestment
NHPC,2020-03,+,-,+,Growth via External Financing
NHPC,2021-03,+,-,-,Shareholder Returns & Reinvestment
NHPC,2022-03,+,-,-,Shareholder Returns & Reinvestment
NHPC,2023-03,+,-,-,Shareholder Returns & Reinvestment
NHPC,2024-03,+,-,-,Shareholder Returns & Reinvestment
NTPC,2013-03,+,-,+,Growth via External Financing
NTPC,2014-03,+,-,-,Shareholder Returns & Reinvestment
NTPC,2015-03,+,-,-,Shareholder Returns & Reinvestment
NTPC,2016-03,+,-,-,Reinvestor - Debt Paydown
NTPC,2017-03,+,-,+,Growth via External Financing
NTPC,2018-03,+,-,+,Growth via External Financing
NTPC,2019-03,+,-,+,Growth via External Financing
NTPC,2020-03,+,-,+,Growth via External Financing
NTPC,2021-03,+,-,-,Shareholder Returns & Reinvestment
NTPC,2022-03,+,-,-,Shareholder Returns & Reinvestment
NTPC,2023-03,+,-,-,Shareholder Returns & Reinvestment
NTPC,2024-03,+,-,-,Shareholder Returns & Reinvestment
ONGC,2013-03,+,-,-,Shareholder Returns & Reinvestment
ONGC,2014-03,+,-,+,Growth via External Financing
ONGC,2015-03,+,-,-,Shareholder Returns & Reinvestment
ONGC,2016-03,+,-,-,Reinvestor - Debt Paydown
ONGC,2017-03,+,-,-,Shareholder Returns & Reinvestment
ONGC,2018-03,+,-,+,Growth via External Financing
ONGC,2019-03,+,-,-,Shareholder Returns & Reinvestment
ONGC,2020-03,+,-,-,Shareholder Returns & Reinvestment
ONGC,2021-03,+,-,-,Shareholder Returns & Reinvestment
ONGC,2022-03,+,-,-,Reinvestor - Debt Paydown
ONGC,2023-03,+,-,-,Shareholder Returns & Reinvestment
ONGC,2024-03,+,-,-,Shareholder Returns & Reinvestment
PFC,2013-03,-,+,+,Distress - Restructuring & Raising
PFC,2014-03,-,+,+,Distress - Restructuring & Raising
PFC,2015-03,-,-,+,Distress - Financing the Burn
PFC,2016-03,-,-,+,Distress - Financing the Burn
PFC,2017-03,+,-,+,Growth via External Financing
PFC,2018-03,-,+,+,Distress - Restructuring & Raising
PFC,2019-03,-,-,+,Distress - Financing the Burn
PFC,2020-03,-,-,+,Distress - Financing the Burn
PFC,2021-03,-,+,+,Distress - Restructuring & Raising
PFC,2022-03,+,-,-,Shareholder Returns & Reinvestment
PFC,2023-03,-,-,+,Distress - Financing the Burn
PFC,2024-03,-,-,+,Distress - Financing the Burn
PIDILITIND,2013-03,+,-,-,Shareholder Returns & Reinvestment
PIDILITIND,2014-03,+,-,-,Reinvestor - Debt Paydown
PIDILITIND,2015-03,+,-,-,Shareholder Returns & Reinvestment
PIDILITIND,2016-03,+,-,-,Shareholder Returns & Reinvestment
PIDILITIND,2017-03,+,-,+,Growth via External Financing
PIDILITIND,2018-03,+,+,-,Divestment & Shareholder Returns
PIDILITIND,2019-03,+,-,-,Reinvestor - Debt Paydown
PIDILITIND,2020-03,+,+,-,Divestment & Shareholder Returns
PIDILITIND,2021-03,+,-,-,Shareholder Returns & Reinvestment
PIDILITIND,2022-03,+,-,-,Shareholder Returns & Reinvestment
PIDILITIND,2023-03,+,-,-,Reinvestor - Debt Paydown
PIDILITIND,2024-03,+,-,-,Reinvestor - Debt Paydown
PNB,2013-03,-,-,-,Reserve-Funded Investment & Paydown
PNB,2014-03,+,-,+,Growth via External Financing
PNB,2015-03,+,-,+,Growth via External Financing
PNB,2016-03,+,-,+,Growth via External Financing
PNB,2017-03,+,+,-,Divestment & Shareholder Returns
PNB,2018-03,-,+,+,Distress - Restructuring & Raising
PNB,2019-03,-,-,+,Distress - Financing the Burn
PNB,2020-03,-,-,+,Distress - Financing the Burn
PNB,2021-03,+,-,+,Growth via External Financing
PNB,2022-03,+,-,+,Growth via External Financing
PNB,2023-03,+,-,+,Growth via External Financing
PNB,2024-03,-,-,+,Distress - Financing the Burn
POWERGRID,2013-03,+,-,+,Growth via External Financing
POWERGRID,2014-03,+,-,+,Growth via External Financing
POWERGRID,2015-03,+,-,+,Growth via External Financing
POWERGRID,2016-03,+,-,+,Growth via External Financing
POWERGRID,2017-03,+,-,+,Growth via External Financing
POWERGRID,2018-03,+,-,+,Growth via External Financing
POWERGRID,2019-03,+,-,-,Shareholder Returns & Reinvestment
POWERGRID,2020-03,+,-,-,Shareholder Returns & Reinvestment
POWERGRID,2021-03,+,-,-,Reinvestor - Debt Paydown
POWERGRID,2022-03,+,+,-,Divestment & Shareholder Returns
POWERGRID,2023-03,+,-,-,Reinvestor - Debt Paydown
POWERGRID,2024-03,+,-,-,Reinvestor - Debt Paydown
RECLTD,2013-03,-,+,+,Distress - Restructuring & Raising
RECLTD,2014-03,-,+,+,Distress - Restructuring & Raising
RECLTD,2015-03,-,+,+,Distress - Restructuring & Raising
RECLTD,2016-03,-,-,+,Distress - Financing the Burn
RECLTD,2017-03,+,-,-,Reinvestor - Debt Paydown
RECLTD,2018-03,-,+,+,Distress - Restructuring & Raising
RECLTD,2019-03,-,+,+,Distress - Restructuring & Raising
RECLTD,2020-03,-,+,+,Distress - Restructuring & Raising
RECLTD,2021-03,-,+,+,Distress - Restructuring & Raising
RECLTD,2022-03,-,-,+,Distress - Financing the Burn
RECLTD,2023-03,-,-,+,Distress - Financing the Burn
RECLTD,2024-03,-,-,+,Distress - Financing the Burn
RELIANCE,2013-03,+,-,+,Growth via External Financing
RELIANCE,2014-03,+,-,+,Growth via External Financing
RELIANCE,2015-03,+,-,+,Growth via External Financing
RELIANCE,2016-03,+,-,-,Shareholder Returns & Reinvestment
RELIANCE,2017-03,+,-,+,Growth via External Financing
RELIANCE,2018-03,+,-,-,Shareholder Returns & Reinvestment
RELIANCE,2019-03,+,-,+,Growth via External Financing
RELIANCE,2020-03,+,-,-,Shareholder Returns & Reinvestment
RELIANCE,2021-03,+,-,+,Growth via External Financing
RELIANCE,2022-03,+,-,+,Growth via External Financing
RELIANCE,2023-03,+,-,+,Growth via External Financing
RELIANCE,2024-03,+,-,-,Shareholder Returns & Reinvestment
SBILIFE,2013-03,+,-,-,Shareholder Returns & Reinvestment
SBILIFE,2014-03,+,-,-,Shareholder Returns & Reinvestment
SBILIFE,2015-03,+,-,-,Shareholder Returns & Reinvestment
SBILIFE,2016-03,+,-,-,Shareholder Returns & Reinvestment
SBILIFE,2017-03,+,-,-,Shareholder Returns & Reinvestment
SBILIFE,2018-03,+,-,-,Shareholder Returns & Reinvestment
SBILIFE,2019-03,+,-,-,Shareholder Returns & Reinvestment
SBILIFE,2020-03,+,-,-,Shareholder Returns & Reinvestment
SBILIFE,2021-03,+,-,+,Growth via External Financing
SBILIFE,2022-03,+,-,-,Shareholder Returns & Reinvestment
SBILIFE,2023-03,+,-,-,Shareholder Returns & Reinvestment
SBILIFE,2024-03,+,-,-,Shareholder Returns & Reinvestment
SBIN,2013-03,+,-,-,Shareholder Returns & Reinvestment
SBIN,2014-03,+,-,+,Growth via External Financing
SBIN,2015-03,+,-,-,Shareholder Returns & Reinvestment
SBIN,2016-03,+,-,+,Growth via External Financing
SBIN,2017-03,+,-,-,Shareholder Returns & Reinvestment
SBIN,2018-03,-,+,+,Distress - Restructuring & Raising
SBIN,2019-03,+,+,+,Liquidity Build
SBIN,2020-03,+,-,+,Growth via External Financing
SBIN,2021-03,+,-,+,Growth via External Financing
SBIN,2022-03,+,-,-,Shareholder Returns & Reinvestment
SBIN,2023-03,-,-,+,Distress - Financing the Burn
SBIN,2024-03,+,-,-,Shareholder Returns & Reinvestment
SHREECEM,2013-06,+,-,-,Shareholder Returns & Reinvestment
SHREECEM,2014-06,+,-,-,Reinvestor - Debt Paydown
SHREECEM,2015-06,+,-,-,Reinvestor - Debt Paydown
SHREECEM,2016-03,+,-,-,Reinvestor - Debt Paydown
SHREECEM,2017-03,+,-,-,Shareholder Returns & Reinvestment
SHREECEM,2018-03,+,-,+,Growth via External Financing
SHREECEM,2019-03,+,-,-,Reinvestor - Debt Paydown
SHREECEM,2020-03,+,-,+,Growth via External Financing
SHREECEM,2021-03,+,-,-,Reinvestor - Debt Paydown
SHREECEM,2022-03,+,-,-,Reinvestor - Debt Paydown
SHREECEM,2023-03,+,-,-,Shareholder Returns & Reinvestment
SHREECEM,2024-03,+,-,-,Reinvestor - Debt Paydown
SHRIRAMFIN,2013-03,-,-,+,Distress - Financing the Burn
SHRIRAMFIN,2014-03,-,-,+,Distress - Financing the Burn
SHRIRAMFIN,2015-03,-,-,+,Distress - Financing the Burn
SHRIRAMFIN,2016-03,-,-,+,Distress - Financing the Burn
SHRIRAMFIN,2017-03,-,-,+,Distress - Financing the Burn
SHRIRAMFIN,2018-03,-,+,+,Distress - Restructuring & Raising
SHRIRAMFIN,2019-03,-,-,+,Distress - Financing the Burn
SHRIRAMFIN,2020-03,-,-,+,Distress - Financing the Burn
SHRIRAMFIN,2021-03,-,-,+,Distress - Financing the Burn
SHRIRAMFIN,2022-03,-,-,+,Distress - Financing the Burn
SHRIRAMFIN,2023-03,-,+,+,Distress - Restructuring & Raising
SHRIRAMFIN,2024-03,-,-,+,Distress - Financing the Burn
SIEMENS,2011-09,+,+,-,Divestment & Shareholder Returns
SIEMENS,2014-09,+,+,-,Divestment & Shareholder Returns
SIEMENS,2015-09,+,+,-,Divestment & Shareholder Returns
SIEMENS,2016-09,+,+,-,Divestment & Shareholder Returns
SIEMENS,2017-09,+,+,-,Divestment & Shareholder Returns
SIEMENS,2018-09,+,-,-,Shareholder Returns & Reinvestment
SIEMENS,2019-09,+,-,-,Shareholder Returns & Reinvestment
SIEMENS,2020-09,+,+,-,Divestment & Shareholder Returns
SIEMENS,2021-09,+,-,-,Shareholder Returns & Reinvestment
SIEMENS,2022-09,+,-,-,Shareholder Returns & Reinvestment
SIEMENS,2023-09,+,-,-,Reinvestor - Debt Paydown
SIEMENS,2024-09,+,-,-,Shareholder Returns & Reinvestment
SUNPHARMA,2013-03,+,-,-,Shareholder Returns & Reinvestment
SUNPHARMA,2014-03,+,-,+,Growth via External Financing
SUNPHARMA,2015-03,+,-,-,Shareholder Returns & Reinvestment
SUNPHARMA,2016-03,+,-,-,Reinvestor - Debt Paydown
SUNPHARMA,2017-03,+,-,-,Shareholder Returns & Reinvestment
SUNPHARMA,2018-03,+,-,-,Shareholder Returns & Reinvestment
SUNPHARMA,2019-03,+,-,-,Shareholder Returns & Reinvestment
SUNPHARMA,2020-03,+,-,-,Reinvestor - Debt Paydown
SUNPHARMA,2021-03,+,+,-,Divestment & Shareholder Returns
SUNPHARMA,2022-03,+,-,-,Reinvestor - Debt Paydown
SUNPHARMA,2023-03,+,-,+,Growth via External Financing
SUNPHARMA,2024-03,+,-,-,Reinvestor - Debt Paydown
TATACONSUM,2013-03,+,+,+,Liquidity Build
TATACONSUM,2014-03,+,-,-,Shareholder Returns & Reinvestment
TATACONSUM,2015-03,+,-,-,Reinvestor - Debt Paydown
TATACONSUM,2016-03,+,+,-,Divestment & Shareholder Returns
TATACONSUM,2017-03,+,+,-,Divestment & Shareholder Returns
TATACONSUM,2018-03,+,-,-,Shareholder Returns & Reinvestment
TATACONSUM,2019-03,+,+,-,Divestment & Shareholder Returns
TATACONSUM,2020-03,+,-,-,Shareholder Returns & Reinvestment
TATACONSUM,2021-03,+,-,-,Shareholder Returns & Reinvestment
TATACONSUM,2022-03,+,-,-,Reinvestor - Debt Paydown
TATACONSUM,2023-03,+,-,-,Shareholder Returns & Reinvestment
TATACONSUM,2024-03,+,-,+,Growth via External Financing
TATAMOTORS,2013-03,+,-,-,Shareholder Returns & Reinvestment
TATAMOTORS,2014-03,+,-,-,Shareholder Returns & Reinvestment
TATAMOTORS,2015-03,+,-,+,Growth via External Financing
TATAMOTORS,2016-03,+,-,-,Reinvestor - Debt Paydown
TATAMOTORS,2017-03,+,-,+,Growth via External Financing
TATAMOTORS,2018-03,+,-,+,Growth via External Financing
TATAMOTORS,2019-03,+,-,+,Growth via External Financing
TATAMOTORS,2020-03,+,-,+,Growth via External Financing
TATAMOTORS,2021-03,+,-,+,Growth via External Financing
TATAMOTORS,2022-03,+,-,-,Shareholder Returns & Reinvestment
TATAMOTORS,2023-03,+,-,-,Reinvestor - Debt Paydown
TATAMOTORS,2024-03,+,-,-,Reinvestor - Debt Paydown
TATAPOWER,2013-03,+,-,-,Shareholder Returns & Reinvestment
TATAPOWER,2014-03,+,-,-,Shareholder Returns & Reinvestment
TATAPOWER,2015-03,+,-,-,Shareholder Returns & Reinvestment
TATAPOWER,2016-03,+,-,-,Reinvestor - Debt Paydown
TATAPOWER,2017-03,+,-,+,Growth via External Financing
TATAPOWER,2018-03,+,-,-,Reinvestor - Debt Paydown
TATAPOWER,2019-03,+,-,-,Reinvestor - Debt Paydown
TATAPOWER,2020-03,+,-,-,Shareholder Returns & Reinvestment
TATAPOWER,2021-03,+,+,-,Divestment & Shareholder Returns
TATAPOWER,2022-03,+,-,-,Shareholder Returns & Reinvestment
TATAPOWER,2023-03,+,-,+,Growth via External Financing
TATAPOWER,2024-03,+,-,-,Shareholder Returns & Reinvestment
TATASTEEL,2013-03,+,-,-,Shareholder Returns & Reinvestment
TATASTEEL,2014-03,+,-,+,Growth via External Financing
TATASTEEL,2015-03,+,-,-,Reinvestor - Debt Paydown
TATASTEEL,2016-03,+,-,-,Shareholder Returns & Reinvestment
TATASTEEL,2017-03,+,-,-,Shareholder Returns & Reinvestment
TATASTEEL,2018-03,+,-,+,Growth via External Financing
TATASTEEL,2019-03,+,-,-,Shareholder Returns & Reinvestment
TATASTEEL,2020-03,+,-,-,Shareholder Returns & Reinvestment
TATASTEEL,2021-03,+,-,-,Reinvestor - Debt Paydown
TATASTEEL,2022-03,+,-,-,Reinvestor - Debt Paydown
TATASTEEL,2023-03,+,-,-,Shareholder Returns & Reinvestment
TATASTEEL,2024-03,+,-,-,Shareholder Returns & Reinvestment
TCS,2013-03,+,-,-,Shareholder Returns & Reinvestment
TCS,2014-03,+,-,-,Reinvestor - Debt Paydown
TCS,2015-03,+,-,-,Shareholder Returns & Reinvestment
TCS,2016-03,+,-,-,Reinvestor - Debt Paydown
TCS,2017-03,+,-,-,Shareholder Returns & Reinvestment
TCS,2018-03,+,+,-,Divestment & Shareholder Returns
TCS,2019-03,+,+,-,Divestment & Shareholder Returns
TCS,2020-03,+,+,-,Divestment & Shareholder Returns
TCS,2021-03,+,-,-,Reinvestor - Debt Paydown
TCS,2022-03,+,-,-,Shareholder Returns & Reinvestment
TCS,2023-03,+,+,-,Divestment & Shareholder Returns
TCS,2024-03,+,+,-,Divestment & Shareholder Returns
TECHM,2013-03,+,-,+,Growth via External Financing
TECHM,2014-03,+,+,-,Divestment & Shareholder Returns
TECHM,2015-03,+,-,-,Shareholder Returns & Reinvestment
TECHM,2016-03,+,-,-,Shareholder Returns & Reinvestment
TECHM,2017-03,+,-,-,Shareholder Returns & Reinvestment
TECHM,2018-03,+,-,-,Shareholder Returns & Reinvestment
TECHM,2019-03,+,-,-,Reinvestor - Debt Paydown
TECHM,2020-03,+,+,-,Divestment & Shareholder Returns
TECHM,2021-03,+,-,-,Reinvestor - Debt Paydown
TECHM,2022-03,+,+,-,Divestment & Shareholder Returns
TECHM,2023-03,+,-,-,Shareholder Returns & Reinvestment
TECHM,2024-03,+,-,-,Reinvestor - Debt Paydown
TITAN,2013-03,+,-,-,Shareholder Returns & Reinvestment
TITAN,2014-03,-,-,+,Distress - Financing the Burn
TITAN,2015-03,+,-,-,Reinvestor - Debt Paydown
TITAN,2016-03,+,-,-,Shareholder Returns & Reinvestment
TITAN,2017-03,+,-,-,Shareholder Returns & Reinvestment
TITAN,2018-03,-,+,-,Asset-Sale Funded Operations
TITAN,2019-03,+,-,-,Shareholder Returns & Reinvestment
TITAN,2020-03,-,+,-,Asset-Sale Funded Operations
TITAN,2021-03,+,-,-,Shareholder Returns & Reinvestment
TITAN,2022-03,-,+,-,Asset-Sale Funded Operations
TITAN,2023-03,+,-,+,Growth via External Financing
TITAN,2024-03,+,-,-,Shareholder Returns & Reinvestment
TORNTPHARM,2013-03,+,-,+,Growth via External Financing
TORNTPHARM,2014-03,+,-,+,Growth via External Financing
TORNTPHARM,2015-03,+,-,+,Growth via External Financing
TORNTPHARM,2016-03,+,-,-,Reinvestor - Debt Paydown
TORNTPHARM,2017-03,+,-,-,Shareholder Returns & Reinvestment
TORNTPHARM,2018-03,+,-,+,Growth via External Financing
TORNTPHARM,2019-03,+,-,-,Reinvestor - Debt Paydown
TORNTPHARM,2020-03,+,+,-,Divestment & Shareholder Returns
TORNTPHARM,2021-03,+,-,-,Reinvestor - Debt Paydown
TORNTPHARM,2022-03,+,-,-,Reinvestor - Debt Paydown
TORNTPHARM,2023-03,+,-,+,Growth via External Financing
TORNTPHARM,2024-03,+,-,-,Reinvestor - Debt Paydown
TRENT,2013-03,+,-,+,Growth via External Financing
TRENT,2014-03,-,-,-,Reserve-Funded Investment & Paydown
TRENT,2015-03,-,-,+,Distress - Financing the Burn
TRENT,2016-03,+,-,-,Shareholder Returns & Reinvestment
TRENT,2017-03,+,-,-,Reinvestor - Debt Paydown
TRENT,2018-03,+,-,-,Reinvestor - Debt Paydown
TRENT,2019-03,+,-,+,Growth via External Financing
TRENT,2020-03,+,-,+,Growth via External Financing
TRENT,2021-03,+,+,-,Divestment & Shareholder Returns
TRENT,2022-03,+,+,-,Divestment & Shareholder Returns
TRENT,2023-03,+,-,-,Reinvestor - Debt Paydown
TRENT,2024-03,+,-,-,Reinvestor - Debt Paydown
TVSMOTOR,2013-03,+,-,-,Shareholder Returns & Reinvestment
TVSMOTOR,2014-03,+,-,-,Reinvestor - Debt Paydown
TVSMOTOR,2015-03,+,-,+,Growth via External Financing
TVSMOTOR,2016-03,+,-,-,Reinvestor - Debt Paydown
TVSMOTOR,2017-03,+,-,-,Shareholder Returns & Reinvestment
TVSMOTOR,2018-03,+,-,+,Growth via External Financing
TVSMOTOR,2019-03,-,-,+,Distress - Financing the Burn
TVSMOTOR,2020-03,+,-,+,Growth via External Financing
TVSMOTOR,2021-03,+,-,+,Growth via External Financing
TVSMOTOR,2022-03,-,-,+,Distress - Financing the Burn
TVSMOTOR,2023-03,-,-,+,Distress - Financing the Burn
TVSMOTOR,2024-03,-,-,+,Distress - Financing the Burn
