company_id,from_year,to_year,from_pattern,to_pattern,description
ABB,2012-12,2014-03,Shareholder Returns & Reinvestment,Reserve-Funded Investment & Paydown,ABB moved from Shareholder Returns & Reinvestment to Reserve-Funded Investment & Paydown (2012-12 -> 2014-03)
ABB,2014-03,2015-03,Reserve-Funded Investment & Paydown,Distress - Financing the Burn,ABB moved from Reserve-Funded Investment & Paydown to Distress - Financing the Burn (2014-03 -> 2015-03)
ABB,2015-03,2016-03,Distress - Financing the Burn,Shareholder Returns & Reinvestment,ABB moved from Distress - Financing the Burn to Shareholder Returns & Reinvestment (2015-03 -> 2016-03)
ABB,2017-03,2018-03,Shareholder Returns & Reinvestment,Growth via External Financing,ABB moved from Shareholder Returns & Reinvestment to Growth via External Financing (2017-03 -> 2018-03)
ABB,2020-03,2021-03,Growth via External Financing,Reinvestor - Debt Paydown,ABB moved from Growth via External Financing to Reinvestor - Debt Paydown (2020-03 -> 2021-03)
ABB,2022-03,2023-03,Reinvestor - Debt Paydown,Growth via External Financing,ABB moved from Reinvestor - Debt Paydown to Growth via External Financing (2022-03 -> 2023-03)
ABB,2023-03,2024-03,Growth via External Financing,Reinvestor - Debt Paydown,ABB moved from Growth via External Financing to Reinvestor - Debt Paydown (2023-03 -> 2024-03)
ADANIENSOL,2014-03,2015-03,Reserve-Funded Investment & Paydown,Distress - Financing the Burn,ADANIENSOL moved from Reserve-Funded Investment & Paydown to Distress - Financing the Burn (2014-03 -> 2015-03)
ADANIENSOL,2015-03,2016-03,Distress - Financing the Burn,Reinvestor - Debt Paydown,ADANIENSOL moved from Distress - Financing the Burn to Reinvestor - Debt Paydown (2015-03 -> 2016-03)
ADANIENSOL,2017-03,2018-03,Shareholder Returns & Reinvestment,Growth via External Financing,ADANIENSOL moved from Shareholder Returns & Reinvestment to Growth via External Financing (2017-03 -> 2018-03)
ADANIENSOL,2020-03,2021-03,Growth via External Financing,Shareholder Returns & Reinvestment,ADANIENSOL moved from Growth via External Financing to Shareholder Returns & Reinvestment (2020-03 -> 2021-03)
ADANIENSOL,2022-03,2023-03,Shareholder Returns & Reinvestment,Growth via External Financing,ADANIENSOL moved from Shareholder Returns & Reinvestment to Growth via External Financing (2022-03 -> 2023-03)
ADANIENSOL,2023-03,2024-03,Growth via External Financing,Shareholder Returns & Reinvestment,ADANIENSOL moved from Growth via External Financing to Shareholder Returns & Reinvestment (2023-03 -> 2024-03)
ADANIENT,2013-03,2014-03,Growth via External Financing,Shareholder Returns & Reinvestment,ADANIENT moved from Growth via External Financing to Shareholder Returns & Reinvestment (2013-03 -> 2014-03)
ADANIENT,2014-03,2015-03,Shareholder Returns & Reinvestment,Growth via External Financing,ADANIENT moved from Shareholder Returns & Reinvestment to Growth via External Financing (2014-03 -> 2015-03)
ADANIENT,2015-03,2016-03,Growth via External Financing,Reinvestor - Debt Paydown,ADANIENT moved from Growth via External Financing to Reinvestor - Debt Paydown (2015-03 -> 2016-03)
ADANIENT,2016-03,2017-03,Reinvestor - Debt Paydown,Growth via External Financing,ADANIENT moved from Reinvestor - Debt Paydown to Growth via External Financing (2016-03 -> 2017-03)
ADANIENT,2018-03,2019-03,Growth via External Financing,Divestment & Shareholder Returns,ADANIENT moved from Growth via External Financing to Divestment & Shareholder Returns (2018-03 -> 2019-03)
ADANIENT,2019-03,2020-03,Divestment & Shareholder Returns,Shareholder Returns & Reinvestment,ADANIENT moved from Divestment & Shareholder Returns to Shareholder Returns & Reinvestment (2019-03 -> 2020-03)
ADANIENT,2020-03,2021-03,Shareholder Returns & Reinvestment,Growth via External Financing,ADANIENT moved from Shareholder Returns & Reinvestment to Growth via External Financing (2020-03 -> 2021-03)
ADANIENT,2022-03,2023-03,Growth via External Financing,Shareholder Returns & Reinvestment,ADANIENT moved from Growth via External Financing to Shareholder Returns & Reinvestment (2022-03 -> 2023-03)
ADANIENT,2023-03,2024-03,Shareholder Returns & Reinvestment,Growth via External Financing,ADANIENT moved from Shareholder Returns & Reinvestment to Growth via External Financing (2023-03 -> 2024-03)
ADANIGREEN,2022-03,2023-03,Growth via External Financing,Shareholder Returns & Reinvestment,ADANIGREEN moved from Growth via External Financing to Shareholder Returns & Reinvestment (2022-03 -> 2023-03)
ADANIGREEN,2023-03,2024-03,Shareholder Returns & Reinvestment,Growth via External Financing,ADANIGREEN moved from Shareholder Returns & Reinvestment to Growth via External Financing (2023-03 -> 2024-03)
ADANIPORTS,2014-03,2015-03,Growth via External Financing,Shareholder Returns & Reinvestment,ADANIPORTS moved from Growth via External Financing to Shareholder Returns & Reinvestment (2014-03 -> 2015-03)
ADANIPORTS,2015-03,2016-03,Shareholder Returns & Reinvestment,Growth via External Financing,ADANIPORTS moved from Shareholder Returns & Reinvestment to Growth via External Financing (2015-03 -> 2016-03)
ADANIPORTS,2016-03,2017-03,Growth via External Financing,Reinvestor - Debt Paydown,ADANIPORTS moved from Growth via External Financing to Reinvestor - Debt Paydown (2016-03 -> 2017-03)
ADANIPORTS,2018-03,2019-03,Shareholder Returns & Reinvestment,Growth via External Financing,ADANIPORTS moved from Shareholder Returns & Reinvestment to Growth via External Financing (2018-03 -> 2019-03)
ADANIPORTS,2019-03,2020-03,Growth via External Financing,Shareholder Returns & Reinvestment,ADANIPORTS moved from Growth via External Financing to Shareholder Returns & Reinvestment (2019-03 -> 2020-03)
ADANIPORTS,2020-03,2021-03,Shareholder Returns & Reinvestment,Growth via External Financing,ADANIPORTS moved from Shareholder Returns & Reinvestment to Growth via External Financing (2020-03 -> 2021-03)
ADANIPORTS,2021-03,2022-03,Growth via External Financing,Shareholder Returns & Reinvestment,ADANIPORTS moved from Growth via External Financing to Shareholder Returns & Reinvestment (2021-03 -> 2022-03)
ADANIPOWER,2014-03,2015-03,Growth via External Financing,Shareholder Returns & Reinvestment,ADANIPOWER moved from Growth via External Financing to Shareholder Returns & Reinvestment (2014-03 -> 2015-03)
ADANIPOWER,2021-03,2022-03,Reinvestor - Debt Paydown,Divestment & Shareholder Returns,ADANIPOWER moved from Reinvestor - Debt Paydown to Divestment & Shareholder Returns (2021-03 -> 2022-03)
AMBUJACEM,2021-12,2023-03,Shareholder Returns & Reinvestment,Growth via External Financing,AMBUJACEM moved from Shareholder Returns & Reinvestment to Growth via External Financing (2021-12 -> 2023-03)
APOLLOHOSP,2013-03,2014-03,Growth via External Financing,Shareholder Returns & Reinvestment,APOLLOHOSP moved from Growth via External Financing to Shareholder Returns & Reinvestment (2013-03 -> 2014-03)
APOLLOHOSP,2014-03,2015-03,Shareholder Returns & Reinvestment,Growth via External Financing,APOLLOHOSP moved from Shareholder Returns & Reinvestment to Growth via External Financing (2014-03 -> 2015-03)
APOLLOHOSP,2017-03,2018-03,Growth via External Financing,Shareholder Returns & Reinvestment,APOLLOHOSP moved from Growth via External Financing to Shareholder Returns & Reinvestment (2017-03 -> 2018-03)
AXISBANK,2014-03,2015-03,Growth via External Financing,Distress - Financing the Burn,AXISBANK moved from Growth via External Financing to Distress - Financing the Burn (2014-03 -> 2015-03)
AXISBANK,2015-03,2016-03,Distress - Financing the Burn,Distress - Restructuring & Raising,AXISBANK moved from Distress - Financing the Burn to Distress - Restructuring & Raising (2015-03 -> 2016-03)
AXISBANK,2016-03,2017-03,Distress - Restructuring & Raising,Shareholder Returns & Reinvestment,AXISBANK moved from Distress - Restructuring & Raising to Shareholder Returns & Reinvestment (2016-03 -> 2017-03)
AXISBANK,2017-03,2018-03,Shareholder Returns & Reinvestment,Distress - Financing the Burn,AXISBANK moved from Shareholder Returns & Reinvestment to Distress - Financing the Burn (2017-03 -> 2018-03)
AXISBANK,2018-03,2019-03,Distress - Financing the Burn,Growth via External Financing,AXISBANK moved from Distress - Financing the Burn to Growth via External Financing (2018-03 -> 2019-03)
AXISBANK,2023-03,2024-03,Growth via External Financing,Distress - Financing the Burn,AXISBANK moved from Growth via External Financing to Distress - Financing the Burn (2023-03 -> 2024-03)
BAJAJ-AUTO,2019-03,2020-03,Shareholder Returns & Reinvestment,Divestment & Shareholder Returns,BAJAJ-AUTO moved from Shareholder Returns & Reinvestment to Divestment & Shareholder Returns (2019-03 -> 2020-03)
BAJAJ-AUTO,2020-03,2021-03,Divestment & Shareholder Returns,Reinvestor - Debt Paydown,BAJAJ-AUTO moved from Divestment & Shareholder Returns to Reinvestor - Debt Paydown (2020-03 -> 2021-03)
BAJAJ-AUTO,2021-03,2022-03,Reinvestor - Debt Paydown,Divestment & Shareholder Returns,BAJAJ-AUTO moved from Reinvestor - Debt Paydown to Divestment & Shareholder Returns (2021-03 -> 2022-03)
BAJAJ-AUTO,2023-03,2024-03,Divestment & Shareholder Returns,Shareholder Returns & Reinvestment,BAJAJ-AUTO moved from Divestment & Shareholder Returns to Shareholder Returns & Reinvestment (2023-03 -> 2024-03)
BAJAJFINSV,2015-03,2016-03,Distress - Restructuring & Raising,Distress - Financing the Burn,BAJAJFINSV moved from Distress - Restructuring & Raising to Distress - Financing the Burn (2015-03 -> 2016-03)
BAJAJFINSV,2016-03,2017-03,Distress - Financing the Burn,Distress - Restructuring & Raising,BAJAJFINSV moved from Distress - Financing the Burn to Distress - Restructuring & Raising (2016-03 -> 2017-03)
BAJAJFINSV,2017-03,2018-03,Distress - Restructuring & Raising,Distress - Financing the Burn,BAJAJFINSV moved from Distress - Restructuring & Raising to Distress - Financing the Burn (2017-03 -> 2018-03)
BAJAJFINSV,2020-03,2021-03,Distress - Financing the Burn,Growth via External Financing,BAJAJFINSV moved from Distress - Financing the Burn to Growth via External Financing (2020-03 -> 2021-03)
BAJAJFINSV,2021-03,2022-03,Growth via External Financing,Distress - Restructuring & Raising,BAJAJFINSV moved from Growth via External Financing to Distress - Restructuring & Raising (2021-03 -> 2022-03)
BAJAJFINSV,2022-03,2023-03,Distress - Restructuring & Raising,Distress - Financing the Burn,BAJAJFINSV moved from Distress - Restructuring & Raising to Distress - Financing the Burn (2022-03 -> 2023-03)
BAJAJHLDNG,2015-03,2016-03,Shareholder Returns & Reinvestment,Divestment & Shareholder Returns,BAJAJHLDNG moved from Shareholder Returns & Reinvestment to Divestment & Shareholder Returns (2015-03 -> 2016-03)
BAJAJHLDNG,2016-03,2017-03,Divestment & Shareholder Returns,Reserve-Funded Investment & Paydown,BAJAJHLDNG moved from Divestment & Shareholder Returns to Reserve-Funded Investment & Paydown (2016-03 -> 2017-03)
BAJAJHLDNG,2017-03,2018-03,Reserve-Funded Investment & Paydown,Shareholder Returns & Reinvestment,BAJAJHLDNG moved from Reserve-Funded Investment & Paydown to Shareholder Returns & Reinvestment (2017-03 -> 2018-03)
BAJFINANCE,2017-03,2018-03,Distress - Financing the Burn,Distress - Restructuring & Raising,BAJFINANCE moved from Distress - Financing the Burn to Distress - Restructuring & Raising (2017-03 -> 2018-03)
BAJFINANCE,2018-03,2019-03,Distress - Restructuring & Raising,Distress - Financing the Burn,BAJFINANCE moved from Distress - Restructuring & Raising to Distress - Financing the Burn (2018-03 -> 2019-03)
BAJFINANCE,2021-03,2022-03,Distress - Financing the Burn,Distress - Restructuring & Raising,BAJFINANCE moved from Distress - Financing the Burn to Distress - Restructuring & Raising (2021-03 -> 2022-03)
BAJFINANCE,2022-03,2023-03,Distress - Restructuring & Raising,Distress - Financing the Burn,BAJFINANCE moved from Distress - Restructuring & Raising to Distress - Financing the Burn (2022-03 -> 2023-03)
BANKBARODA,2013-03,2014-03,Shareholder Returns & Reinvestment,Growth via External Financing,BANKBARODA moved from Shareholder Returns & Reinvestment to Growth via External Financing (2013-03 -> 2014-03)
BANKBARODA,2014-03,2015-03,Growth via External Financing,Shareholder Returns & Reinvestment,BANKBARODA moved from Growth via External Financing to Shareholder Returns & Reinvestment (2014-03 -> 2015-03)
BANKBARODA,2015-03,2016-03,Shareholder Returns & Reinvestment,Reserve-Funded Investment & Paydown,BANKBARODA moved from Shareholder Returns & Reinvestment to Reserve-Funded Investment & Paydown (2015-03 -> 2016-03)
BANKBARODA,2016-03,2017-03,Reserve-Funded Investment & Paydown,Shareholder Returns & Reinvestment,BANKBARODA moved from Reserve-Funded Investment & Paydown to Shareholder Returns & Reinvestment (2016-03 -> 2017-03)
BANKBARODA,2017-03,2018-03,Shareholder Returns & Reinvestment,Distress - Financing the Burn,BANKBARODA moved from Shareholder Returns & Reinvestment to Distress - Financing the Burn (2017-03 -> 2018-03)
BANKBARODA,2019-03,2020-03,Distress - Financing the Burn,Growth via External Financing,BANKBARODA moved from Distress - Financing the Burn to Growth via External Financing (2019-03 -> 2020-03)
BANKBARODA,2020-03,2021-03,Growth via External Financing,Reserve-Funded Investment & Paydown,BANKBARODA moved from Growth via External Financing to Reserve-Funded Investment & Paydown (2020-03 -> 2021-03)
BANKBARODA,2021-03,2022-03,Reserve-Funded Investment & Paydown,Shareholder Returns & Reinvestment,BANKBARODA moved from Reserve-Funded Investment & Paydown to Shareholder Returns & Reinvestment (2021-03 -> 2022-03)
BANKBARODA,2022-03,2023-03,Shareholder Returns & Reinvestment,Reserve-Funded Investment & Paydown,BANKBARODA moved from Shareholder Returns & Reinvestment to Reserve-Funded Investment & Paydown (2022-03 -> 2023-03)
BANKBARODA,2023-03,2024-03,Reserve-Funded Investment & Paydown,Distress - Financing the Burn,BANKBARODA moved from Reserve-Funded Investment & Paydown to Distress - Financing the Burn (2023-03 -> 2024-03)
BEL,2014-03,2015-03,Asset-Sale Funded Operations,Shareholder Returns & Reinvestment,BEL moved from Asset-Sale Funded Operations to Shareholder Returns & Reinvestment (2014-03 -> 2015-03)
BEL,2016-03,2017-03,Reinvestor - Debt Paydown,Asset-Sale Funded Operations,BEL moved from Reinvestor - Debt Paydown to Asset-Sale Funded Operations (2016-03 -> 2017-03)
BEL,2017-03,2018-03,Asset-Sale Funded Operations,Reserve-Funded Investment & Paydown,BEL moved from Asset-Sale Funded Operations to Reserve-Funded Investment & Paydown (2017-03 -> 2018-03)
BEL,2018-03,2019-03,Reserve-Funded Investment & Paydown,Reinvestor - Debt Paydown,BEL moved from Reserve-Funded Investment & Paydown to Reinvestor - Debt Paydown (2018-03 -> 2019-03)
BEL,2022-03,2023-03,Shareholder Returns & Reinvestment,Divestment & Shareholder Returns,BEL moved from Shareholder Returns & Reinvestment to Divestment & Shareholder Returns (2022-03 -> 2023-03)
BEL,2023-03,2024-03,Divestment & Shareholder Returns,Shareholder Returns & Reinvestment,BEL moved from Divestment & Shareholder Returns to Shareholder Returns & Reinvestment (2023-03 -> 2024-03)
BHARTIARTL,2013-03,2014-03,Shareholder Returns & Reinvestment,Growth via External Financing,BHARTIARTL moved from Shareholder Returns & Reinvestment to Growth via External Financing (2013-03 -> 2014-03)
BHARTIARTL,2014-03,2015-03,Growth via External Financing,Shareholder Returns & Reinvestment,BHARTIARTL moved from Growth via External Financing to Shareholder Returns & Reinvestment (2014-03 -> 2015-03)
BHARTIARTL,2017-03,2018-03,Shareholder Returns & Reinvestment,Growth via External Financing,BHARTIARTL moved from Shareholder Returns & Reinvestment to Growth via External Financing (2017-03 -> 2018-03)
BHARTIARTL,2020-03,2021-03,Growth via External Financing,Shareholder Returns & Reinvestment,BHARTIARTL moved from Growth via External Financing to Shareholder Returns & Reinvestment (2020-03 -> 2021-03)
BHEL,2014-03,2015-03,Growth via External Financing,Divestment & Shareholder Returns,BHEL moved from Growth via External Financing to Divestment & Shareholder Returns (2014-03 -> 2015-03)
BHEL,2016-03,2017-03,Divestment & Shareholder Returns,Reinvestor - Debt Paydown,BHEL moved from Divestment & Shareholder Returns to Reinvestor - Debt Paydown (2016-03 -> 2017-03)
BHEL,2017-03,2018-03,Reinvestor - Debt Paydown,Divestment & Shareholder Returns,BHEL moved from Reinvestor - Debt Paydown to Divestment & Shareholder Returns (2017-03 -> 2018-03)
BHEL,2018-03,2019-03,Divestment & Shareholder Returns,Asset-Sale Funded Operations,BHEL moved from Divestment & Shareholder Returns to Asset-Sale Funded Operations (2018-03 -> 2019-03)
BHEL,2019-03,2020-03,Asset-Sale Funded Operations,Distress - Restructuring & Raising,BHEL moved from Asset-Sale Funded Operations to Distress - Restructuring & Raising (2019-03 -> 2020-03)
BHEL,2020-03,2021-03,Distress - Restructuring & Raising,Reinvestor - Debt Paydown,BHEL moved from Distress - Restructuring & Raising to Reinvestor - Debt Paydown (2020-03 -> 2021-03)
BHEL,2022-03,2023-03,Reinvestor - Debt Paydown,Distress - Restructuring & Raising,BHEL moved from Reinvestor - Debt Paydown to Distress - Restructuring & Raising (2022-03 -> 2023-03)
BOSCHLTD,2016-03,2017-03,Reinvestor - Debt Paydown,Divestment & Shareholder Returns,BOSCHLTD moved from Reinvestor - Debt Paydown to Divestment & Shareholder Returns (2016-03 -> 2017-03)
BOSCHLTD,2017-03,2018-03,Divestment & Shareholder Returns,Shareholder Returns & Reinvestment,BOSCHLTD moved from Divestment & Shareholder Returns to Shareholder Returns & Reinvestment (2017-03 -> 2018-03)
BOSCHLTD,2018-03,2019-03,Shareholder Returns & Reinvestment,Divestment & Shareholder Returns,BOSCHLTD moved from Shareholder Returns & Reinvestment to Divestment & Shareholder Returns (2018-03 -> 2019-03)
BOSCHLTD,2019-03,2020-03,Divestment & Shareholder Returns,Shareholder Returns & Reinvestment,BOSCHLTD moved from Divestment & Shareholder Returns to Shareholder Returns & Reinvestment (2019-03 -> 2020-03)
BOSCHLTD,2022-03,2023-03,Shareholder Returns & Reinvestment,Divestment & Shareholder Returns,BOSCHLTD moved from Shareholder Returns & Reinvestment to Divestment & Shareholder Returns (2022-03 -> 2023-03)
BPCL,2016-03,2017-03,Reinvestor - Debt Paydown,Growth via External Financing,BPCL moved from Reinvestor - Debt Paydown to Growth via External Financing (2016-03 -> 2017-03)
BPCL,2017-03,2018-03,Growth via External Financing,Shareholder Returns & Reinvestment,BPCL moved from Growth via External Financing to Shareholder Returns & Reinvestment (2017-03 -> 2018-03)
BPCL,2018-03,2019-03,Shareholder Returns & Reinvestment,Growth via External Financing,BPCL moved from Shareholder Returns & Reinvestment to Growth via External Financing (2018-03 -> 2019-03)
BPCL,2020-03,2021-03,Growth via External Financing,Reinvestor - Debt Paydown,BPCL moved from Growth via External Financing to Reinvestor - Debt Paydown (2020-03 -> 2021-03)
BRITANNIA,2013-03,2014-03,Divestment & Shareholder Returns,Reinvestor - Debt Paydown,BRITANNIA moved from Divestment & Shareholder Returns to Reinvestor - Debt Paydown (2013-03 -> 2014-03)
BRITANNIA,2019-03,2020-03,Reinvestor - Debt Paydown,Growth via External Financing,BRITANNIA moved from Reinvestor - Debt Paydown to Growth via External Financing (2019-03 -> 2020-03)
BRITANNIA,2020-03,2021-03,Growth via External Financing,Divestment & Shareholder Returns,BRITANNIA moved from Growth via External Financing to Divestment & Shareholder Returns (2020-03 -> 2021-03)
BRITANNIA,2022-03,2023-03,Divestment & Shareholder Returns,Shareholder Returns & Reinvestment,BRITANNIA moved from Divestment & Shareholder Returns to Shareholder Returns & Reinvestment (2022-03 -> 2023-03)
BRITANNIA,2023-03,2024-03,Shareholder Returns & Reinvestment,Divestment & Shareholder Returns,BRITANNIA moved from Shareholder Returns & Reinvestment to Divestment & Shareholder Returns (2023-03 -> 2024-03)
CANBK,2016-03,2017-03,Shareholder Returns & Reinvestment,Growth via External Financing,CANBK moved from Shareholder Returns & Reinvestment to Growth via External Financing (2016-03 -> 2017-03)
CANBK,2017-03,2018-03,Growth via External Financing,Distress - Financing the Burn,CANBK moved from Growth via External Financing to Distress - Financing the Burn (2017-03 -> 2018-03)
CANBK,2018-03,2019-03,Distress - Financing the Burn,Shareholder Returns & Reinvestment,CANBK moved from Distress - Financing the Burn to Shareholder Returns & Reinvestment (2018-03 -> 2019-03)
CANBK,2019-03,2020-03,Shareholder Returns & Reinvestment,Distress - Financing the Burn,CANBK moved from Shareholder Returns & Reinvestment to Distress - Financing the Burn (2019-03 -> 2020-03)
CANBK,2020-03,2021-03,Distress - Financing the Burn,Growth via External Financing,CANBK moved from Distress - Financing the Burn to Growth via External Financing (2020-03 -> 2021-03)
CANBK,2022-03,2023-03,Growth via External Financing,Distress - Financing the Burn,CANBK moved from Growth via External Financing to Distress - Financing the Burn (2022-03 -> 2023-03)
CANBK,2023-03,2024-03,Distress - Financing the Burn,Shareholder Returns & Reinvestment,CANBK moved from Distress - Financing the Burn to Shareholder Returns & Reinvestment (2023-03 -> 2024-03)
CHOLAFIN,2013-03,2014-03,Distress - Restructuring & Raising,Distress - Financing the Burn,CHOLAFIN moved from Distress - Restructuring & Raising to Distress - Financing the Burn (2013-03 -> 2014-03)
CHOLAFIN,2021-03,2022-03,Distress - Financing the Burn,Distress - Restructuring & Raising,CHOLAFIN moved from Distress - Financing the Burn to Distress - Restructuring & Raising (2021-03 -> 2022-03)
CHOLAFIN,2022-03,2023-03,Distress - Restructuring & Raising,Distress - Financing the Burn,CHOLAFIN moved from Distress - Restructuring & Raising to Distress - Financing the Burn (2022-03 -> 2023-03)
CIPLA,2013-03,2014-03,Growth via External Financing,Shareholder Returns & Reinvestment,CIPLA moved from Growth via External Financing to Shareholder Returns & Reinvestment (2013-03 -> 2014-03)
CIPLA,2014-03,2015-03,Shareholder Returns & Reinvestment,Growth via External Financing,CIPLA moved from Shareholder Returns & Reinvestment to Growth via External Financing (2014-03 -> 2015-03)
CIPLA,2016-03,2017-03,Growth via External Financing,Reinvestor - Debt Paydown,CIPLA moved from Growth via External Financing to Reinvestor - Debt Paydown (2016-03 -> 2017-03)
CIPLA,2019-03,2020-03,Shareholder Returns & Reinvestment,Divestment & Shareholder Returns,CIPLA moved from Shareholder Returns & Reinvestment to Divestment & Shareholder Returns (2019-03 -> 2020-03)
CIPLA,2020-03,2021-03,Divestment & Shareholder Returns,Reinvestor - Debt Paydown,CIPLA moved from Divestment & Shareholder Returns to Reinvestor - Debt Paydown (2020-03 -> 2021-03)
COALINDIA,2013-03,2014-03,Shareholder Returns & Reinvestment,Divestment & Shareholder Returns,COALINDIA moved from Shareholder Returns & Reinvestment to Divestment & Shareholder Returns (2013-03 -> 2014-03)
COALINDIA,2017-03,2018-03,Divestment & Shareholder Returns,Reinvestor - Debt Paydown,COALINDIA moved from Divestment & Shareholder Returns to Reinvestor - Debt Paydown (2017-03 -> 2018-03)
COALINDIA,2019-03,2020-03,Shareholder Returns & Reinvestment,Divestment & Shareholder Returns,COALINDIA moved from Shareholder Returns & Reinvestment to Divestment & Shareholder Returns (2019-03 -> 2020-03)
COALINDIA,2021-03,2022-03,Divestment & Shareholder Returns,Reinvestor - Debt Paydown,COALINDIA moved from Divestment & Shareholder Returns to Reinvestor - Debt Paydown (2021-03 -> 2022-03)
DABUR,2018-03,2019-03,Reinvestor - Debt Paydown,Divestment & Shareholder Returns,DABUR moved from Reinvestor - Debt Paydown to Divestment & Shareholder Returns (2018-03 -> 2019-03)
DABUR,2019-03,2020-03,Divestment & Shareholder Returns,Reinvestor - Debt Paydown,DABUR moved from Divestment & Shareholder Returns to Reinvestor - Debt Paydown (2019-03 -> 2020-03)
DIVISLAB,2016-03,2017-03,Shareholder Returns & Reinvestment,Growth via External Financing,DIVISLAB moved from Shareholder Returns & Reinvestment to Growth via External Financing (2016-03 -> 2017-03)
DIVISLAB,2017-03,2018-03,Growth via External Financing,Shareholder Returns & Reinvestment,DIVISLAB moved from Growth via External Financing to Shareholder Returns & Reinvestment (2017-03 -> 2018-03)
DIVISLAB,2020-03,2021-03,Reinvestor - Debt Paydown,Divestment & Shareholder Returns,DIVISLAB moved from Reinvestor - Debt Paydown to Divestment & Shareholder Returns (2020-03 -> 2021-03)
DIVISLAB,2021-03,2022-03,Divestment & Shareholder Returns,Reinvestor - Debt Paydown,DIVISLAB moved from Divestment & Shareholder Returns to Reinvestor - Debt Paydown (2021-03 -> 2022-03)
DLF,2015-03,2016-03,Divestment & Shareholder Returns,Shareholder Returns & Reinvestment,DLF moved from Divestment & Shareholder Returns to Shareholder Returns & Reinvestment (2015-03 -> 2016-03)
DLF,2016-03,2017-03,Shareholder Returns & Reinvestment,Distress - Restructuring & Raising,DLF moved from Shareholder Returns & Reinvestment to Distress - Restructuring & Raising (2016-03 -> 2017-03)
DLF,2017-03,2018-03,Distress - Restructuring & Raising,Reinvestor - Debt Paydown,DLF moved from Distress - Restructuring & Raising to Reinvestor - Debt Paydown (2017-03 -> 2018-03)
DLF,2018-03,2019-03,Reinvestor - Debt Paydown,Liquidity Build,DLF moved from Reinvestor - Debt Paydown to Liquidity Build (2018-03 -> 2019-03)
DLF,2019-03,2020-03,Liquidity Build,Divestment & Shareholder Returns,DLF moved from Liquidity Build to Divestment & Shareholder Returns (2019-03 -> 2020-03)
DLF,2022-03,2023-03,Divestment & Shareholder Returns,Reinvestor - Debt Paydown,DLF moved from Divestment & Shareholder Returns to Reinvestor - Debt Paydown (2022-03 -> 2023-03)
DLF,2023-03,2024-03,Reinvestor - Debt Paydown,Growth via External Financing,DLF moved from Reinvestor - Debt Paydown to Growth via External Financing (2023-03 -> 2024-03)
DMART,2017-03,2018-03,Growth via External Financing,Divestment & Shareholder Returns,DMART moved from Growth via External Financing to Divestment & Shareholder Returns (2017-03 -> 2018-03)
DMART,2018-03,2019-03,Divestment & Shareholder Returns,Growth via External Financing,DMART moved from Divestment & Shareholder Returns to Growth via External Financing (2018-03 -> 2019-03)
DMART,2020-03,2021-03,Growth via External Financing,Shareholder Returns & Reinvestment,DMART moved from Growth via External Financing to Shareholder Returns & Reinvestment (2020-03 -> 2021-03)
EICHERMOT,2016-03,2017-03,Reinvestor - Debt Paydown,Growth via External Financing,EICHERMOT moved from Reinvestor - Debt Paydown to Growth via External Financing (2016-03 -> 2017-03)
EICHERMOT,2017-03,2018-03,Growth via External Financing,Shareholder Returns & Reinvestment,EICHERMOT moved from Growth via External Financing to Shareholder Returns & Reinvestment (2017-03 -> 2018-03)
GAIL,2013-03,2014-03,Growth via External Financing,Shareholder Returns & Reinvestment,GAIL moved from Growth via External Financing to Shareholder Returns & Reinvestment (2013-03 -> 2014-03)
GAIL,2019-03,2020-03,Reinvestor - Debt Paydown,Growth via External Financing,GAIL moved from Reinvestor - Debt Paydown to Growth via External Financing (2019-03 -> 2020-03)
GAIL,2020-03,2021-03,Growth via External Financing,Shareholder Returns & Reinvestment,GAIL moved from Growth via External Financing to Shareholder Returns & Reinvestment (2020-03 -> 2021-03)
GAIL,2022-03,2023-03,Shareholder Returns & Reinvestment,Growth via External Financing,GAIL moved from Shareholder Returns & Reinvestment to Growth via External Financing (2022-03 -> 2023-03)
GAIL,2023-03,2024-03,Growth via External Financing,Shareholder Returns & Reinvestment,GAIL moved from Growth via External Financing to Shareholder Returns & Reinvestment (2023-03 -> 2024-03)
GODREJCP,2013-03,2014-03,Growth via External Financing,Reinvestor - Debt Paydown,GODREJCP moved from Growth via External Financing to Reinvestor - Debt Paydown (2013-03 -> 2014-03)
GODREJCP,2016-03,2017-03,Shareholder Returns & Reinvestment,Growth via External Financing,GODREJCP moved from Shareholder Returns & Reinvestment to Growth via External Financing (2016-03 -> 2017-03)
GODREJCP,2017-03,2018-03,Growth via External Financing,Reinvestor - Debt Paydown,GODREJCP moved from Growth via External Financing to Reinvestor - Debt Paydown (2017-03 -> 2018-03)
GODREJCP,2018-03,2019-03,Reinvestor - Debt Paydown,Divestment & Shareholder Returns,GODREJCP moved from Reinvestor - Debt Paydown to Divestment & Shareholder Returns (2018-03 -> 2019-03)
GODREJCP,2019-03,2020-03,Divestment & Shareholder Returns,Shareholder Returns & Reinvestment,GODREJCP moved from Divestment & Shareholder Returns to Shareholder Returns & Reinvestment (2019-03 -> 2020-03)
GODREJCP,2023-03,2024-03,Reinvestor - Debt Paydown,Growth via External Financing,GODREJCP moved from Reinvestor - Debt Paydown to Growth via External Financing (2023-03 -> 2024-03)
GRASIM,2013-03,2014-03,Growth via External Financing,Shareholder Returns & Reinvestment,GRASIM moved from Growth via External Financing to Shareholder Returns & Reinvestment (2013-03 -> 2014-03)
GRASIM,2017-03,2018-03,Reinvestor - Debt Paydown,Distress - Restructuring & Raising,GRASIM moved from Reinvestor - Debt Paydown to Distress - Restructuring & Raising (2017-03 -> 2018-03)
GRASIM,2018-03,2019-03,Distress - Restructuring & Raising,Distress - Financing the Burn,GRASIM moved from Distress - Restructuring & Raising to Distress - Financing the Burn (2018-03 -> 2019-03)
GRASIM,2019-03,2020-03,Distress - Financing the Burn,Shareholder Returns & Reinvestment,GRASIM moved from Distress - Financing the Burn to Shareholder Returns & Reinvestment (2019-03 -> 2020-03)
GRASIM,2022-03,2023-03,Reinvestor - Debt Paydown,Distress - Financing the Burn,GRASIM moved from Reinvestor - Debt Paydown to Distress - Financing the Burn (2022-03 -> 2023-03)
HAL,2018-03,2019-03,Asset-Sale Funded Operations,Distress - Restructuring & Raising,HAL moved from Asset-Sale Funded Operations to Distress - Restructuring & Raising (2018-03 -> 2019-03)
HAL,2019-03,2020-03,Distress - Restructuring & Raising,Growth via External Financing,HAL moved from Distress - Restructuring & Raising to Growth via External Financing (2019-03 -> 2020-03)
HAL,2020-03,2021-03,Growth via External Financing,Shareholder Returns & Reinvestment,HAL moved from Growth via External Financing to Shareholder Returns & Reinvestment (2020-03 -> 2021-03)
HAVELLS,2018-03,2019-03,Reinvestor - Debt Paydown,Divestment & Shareholder Returns,HAVELLS moved from Reinvestor - Debt Paydown to Divestment & Shareholder Returns (2018-03 -> 2019-03)
HAVELLS,2019-03,2020-03,Divestment & Shareholder Returns,Reinvestor - Debt Paydown,HAVELLS moved from Divestment & Shareholder Returns to Reinvestor - Debt Paydown (2019-03 -> 2020-03)
HAVELLS,2020-03,2021-03,Reinvestor - Debt Paydown,Growth via External Financing,HAVELLS moved from Reinvestor - Debt Paydown to Growth via External Financing (2020-03 -> 2021-03)
HAVELLS,2021-03,2022-03,Growth via External Financing,Shareholder Returns & Reinvestment,HAVELLS moved from Growth via External Financing to Shareholder Returns & Reinvestment (2021-03 -> 2022-03)
HAVELLS,2022-03,2023-03,Shareholder Returns & Reinvestment,Divestment & Shareholder Returns,HAVELLS moved from Shareholder Returns & Reinvestment to Divestment & Shareholder Returns (2022-03 -> 2023-03)
HAVELLS,2023-03,2024-03,Divestment & Shareholder Returns,Shareholder Returns & Reinvestment,HAVELLS moved from Divestment & Shareholder Returns to Shareholder Returns & Reinvestment (2023-03 -> 2024-03)
HCLTECH,2021-03,2022-03,Reinvestor - Debt Paydown,Divestment & Shareholder Returns,HCLTECH moved from Reinvestor - Debt Paydown to Divestment & Shareholder Returns (2021-03 -> 2022-03)
HCLTECH,2022-03,2023-03,Divestment & Shareholder Returns,Reinvestor - Debt Paydown,HCLTECH moved from Divestment & Shareholder Returns to Reinvestor - Debt Paydown (2022-03 -> 2023-03)
HDFCBANK,2013-03,2014-03,Distress - Financing the Burn,Growth via External Financing,HDFCBANK moved from Distress - Financing the Burn to Growth via External Financing (2013-03 -> 2014-03)
HDFCBANK,2014-03,2015-03,Growth via External Financing,Distress - Financing the Burn,HDFCBANK moved from Growth via External Financing to Distress - Financing the Burn (2014-03 -> 2015-03)
HDFCBANK,2016-03,2017-03,Distress - Financing the Burn,Shareholder Returns & Reinvestment,HDFCBANK moved from Distress - Financing the Burn to Shareholder Returns & Reinvestment (2016-03 -> 2017-03)
HDFCBANK,2017-03,2018-03,Shareholder Returns & Reinvestment,Growth via External Financing,HDFCBANK moved from Shareholder Returns & Reinvestment to Growth via External Financing (2017-03 -> 2018-03)
HDFCBANK,2018-03,2019-03,Growth via External Financing,Distress - Financing the Burn,HDFCBANK moved from Growth via External Financing to Distress - Financing the Burn (2018-03 -> 2019-03)
HDFCBANK,2020-03,2021-03,Distress - Financing the Burn,Shareholder Returns & Reinvestment,HDFCBANK moved from Distress - Financing the Burn to Shareholder Returns & Reinvestment (2020-03 -> 2021-03)
HDFCBANK,2021-03,2022-03,Shareholder Returns & Reinvestment,Distress - Financing the Burn,HDFCBANK moved from Shareholder Returns & Reinvestment to Distress - Financing the Burn (2021-03 -> 2022-03)
HDFCBANK,2022-03,2023-03,Distress - Financing the Burn,Growth via External Financing,HDFCBANK moved from Distress - Financing the Burn to Growth via External Financing (2022-03 -> 2023-03)
HDFCBANK,2023-03,2024-03,Growth via External Financing,Divestment & Shareholder Returns,HDFCBANK moved from Growth via External Financing to Divestment & Shareholder Returns (2023-03 -> 2024-03)
HDFCLIFE,2014-03,2015-03,Reserve-Funded Investment & Paydown,Shareholder Returns & Reinvestment,HDFCLIFE moved from Reserve-Funded Investment & Paydown to Shareholder Returns & Reinvestment (2014-03 -> 2015-03)
HDFCLIFE,2019-03,2020-03,Shareholder Returns & Reinvestment,Growth via External Financing,HDFCLIFE moved from Shareholder Returns & Reinvestment to Growth via External Financing (2019-03 -> 2020-03)
HDFCLIFE,2021-03,2022-03,Growth via External Financing,Shareholder Returns & Reinvestment,HDFCLIFE moved from Growth via External Financing to Shareholder Returns & Reinvestment (2021-03 -> 2022-03)
HDFCLIFE,2022-03,2023-03,Shareholder Returns & Reinvestment,Growth via External Financing,HDFCLIFE moved from Shareholder Returns & Reinvestment to Growth via External Financing (2022-03 -> 2023-03)
HDFCLIFE,2023-03,2024-03,Growth via External Financing,Shareholder Returns & Reinvestment,HDFCLIFE moved from Growth via External Financing to Shareholder Returns & Reinvestment (2023-03 -> 2024-03)
HEROMOTOCO,2014-03,2015-03,Shareholder Returns & Reinvestment,Divestment & Shareholder Returns,HEROMOTOCO moved from Shareholder Returns & Reinvestment to Divestment & Shareholder Returns (2014-03 -> 2015-03)
HEROMOTOCO,2015-03,2016-03,Divestment & Shareholder Returns,Shareholder Returns & Reinvestment,HEROMOTOCO moved from Divestment & Shareholder Returns to Shareholder Returns & Reinvestment (2015-03 -> 2016-03)
HEROMOTOCO,2018-03,2019-03,Reinvestor - Debt Paydown,Divestment & Shareholder Returns,HEROMOTOCO moved from Reinvestor - Debt Paydown to Divestment & Shareholder Returns (2018-03 -> 2019-03)
HEROMOTOCO,2019-03,2020-03,Divestment & Shareholder Returns,Shareholder Returns & Reinvestment,HEROMOTOCO moved from Divestment & Shareholder Returns to Shareholder Returns & Reinvestment (2019-03 -> 2020-03)
HINDALCO,2014-03,2015-03,Growth via External Financing,Shareholder Returns & Reinvestment,HINDALCO moved from Growth via External Financing to Shareholder Returns & Reinvestment (2014-03 -> 2015-03)
HINDALCO,2017-03,2018-03,Reinvestor - Debt Paydown,Divestment & Shareholder Returns,HINDALCO moved from Reinvestor - Debt Paydown to Divestment & Shareholder Returns (2017-03 -> 2018-03)
HINDALCO,2018-03,2019-03,Divestment & Shareholder Returns,Shareholder Returns & Reinvestment,HINDALCO moved from Divestment & Shareholder Returns to Shareholder Returns & Reinvestment (2018-03 -> 2019-03)
HINDALCO,2019-03,2020-03,Shareholder Returns & Reinvestment,Growth via External Financing,HINDALCO moved from Shareholder Returns & Reinvestment to Growth via External Financing (2019-03 -> 2020-03)
HINDALCO,2020-03,2021-03,Growth via External Financing,Reinvestor - Debt Paydown,HINDALCO moved from Growth via External Financing to Reinvestor - Debt Paydown (2020-03 -> 2021-03)
HINDUNILVR,2013-03,2014-03,Divestment & Shareholder Returns,Shareholder Returns & Reinvestment,HINDUNILVR moved from Divestment & Shareholder Returns to Shareholder Returns & Reinvestment (2013-03 -> 2014-03)
HINDUNILVR,2014-03,2015-03,Shareholder Returns & Reinvestment,Divestment & Shareholder Returns,HINDUNILVR moved from Shareholder Returns & Reinvestment to Divestment & Shareholder Returns (2014-03 -> 2015-03)
HINDUNILVR,2015-03,2016-03,Divestment & Shareholder Returns,Shareholder Returns & Reinvestment,HINDUNILVR moved from Divestment & Shareholder Returns to Shareholder Returns & Reinvestment (2015-03 -> 2016-03)
HINDUNILVR,2019-03,2020-03,Shareholder Returns & Reinvestment,Divestment & Shareholder Returns,HINDUNILVR moved from Shareholder Returns & Reinvestment to Divestment & Shareholder Returns (2019-03 -> 2020-03)
HINDUNILVR,2020-03,2021-03,Divestment & Shareholder Returns,Shareholder Returns & Reinvestment,HINDUNILVR moved from Divestment & Shareholder Returns to Shareholder Returns & Reinvestment (2020-03 -> 2021-03)
ICICIBANK,2014-03,2015-03,Growth via External Financing,Distress - Financing the Burn,ICICIBANK moved from Growth via External Financing to Distress - Financing the Burn (2014-03 -> 2015-03)
ICICIBANK,2015-03,2016-03,Distress - Financing the Burn,Growth via External Financing,ICICIBANK moved from Distress - Financing the Burn to Growth via External Financing (2015-03 -> 2016-03)
ICICIBANK,2016-03,2017-03,Growth via External Financing,Shareholder Returns & Reinvestment,ICICIBANK moved from Growth via External Financing to Shareholder Returns & Reinvestment (2016-03 -> 2017-03)
ICICIBANK,2017-03,2018-03,Shareholder Returns & Reinvestment,Growth via External Financing,ICICIBANK moved from Shareholder Returns & Reinvestment to Growth via External Financing (2017-03 -> 2018-03)
ICICIBANK,2018-03,2019-03,Growth via External Financing,Shareholder Returns & Reinvestment,ICICIBANK moved from Growth via External Financing to Shareholder Returns & Reinvestment (2018-03 -> 2019-03)
ICICIBANK,2019-03,2020-03,Shareholder Returns & Reinvestment,Growth via External Financing,ICICIBANK moved from Shareholder Returns & Reinvestment to Growth via External Financing (2019-03 -> 2020-03)
ICICIBANK,2020-03,2021-03,Growth via External Financing,Shareholder Returns & Reinvestment,ICICIBANK moved from Growth via External Financing to Shareholder Returns & Reinvestment (2020-03 -> 2021-03)
ICICIBANK,2021-03,2022-03,Shareholder Returns & Reinvestment,Growth via External Financing,ICICIBANK moved from Shareholder Returns & Reinvestment to Growth via External Financing (2021-03 -> 2022-03)
ICICIBANK,2022-03,2023-03,Growth via External Financing,Distress - Financing the Burn,ICICIBANK moved from Growth via External Financing to Distress - Financing the Burn (2022-03 -> 2023-03)
ICICIBANK,2023-03,2024-03,Distress - Financing the Burn,Growth via External Financing,ICICIBANK moved from Distress - Financing the Burn to Growth via External Financing (2023-03 -> 2024-03)
ICICIGI,2014-03,2015-03,Growth via External Financing,Asset-Sale Funded Operations,ICICIGI moved from Growth via External Financing to Asset-Sale Funded Operations (2014-03 -> 2015-03)
ICICIGI,2015-03,2016-03,Asset-Sale Funded Operations,Shareholder Returns & Reinvestment,ICICIGI moved from Asset-Sale Funded Operations to Shareholder Returns & Reinvestment (2015-03 -> 2016-03)
ICICIGI,2016-03,2017-03,Shareholder Returns & Reinvestment,Growth via External Financing,ICICIGI moved from Shareholder Returns & Reinvestment to Growth via External Financing (2016-03 -> 2017-03)
ICICIGI,2017-03,2018-03,Growth via External Financing,Shareholder Returns & Reinvestment,ICICIGI moved from Growth via External Financing to Shareholder Returns & Reinvestment (2017-03 -> 2018-03)
ICICIGI,2021-03,2022-03,Shareholder Returns & Reinvestment,Divestment & Shareholder Returns,ICICIGI moved from Shareholder Returns & Reinvestment to Divestment & Shareholder Returns (2021-03 -> 2022-03)
ICICIGI,2022-03,2023-03,Divestment & Shareholder Returns,Reinvestor - Debt Paydown,ICICIGI moved from Divestment & Shareholder Returns to Reinvestor - Debt Paydown (2022-03 -> 2023-03)
ICICIPRULI,2014-03,2015-03,Asset-Sale Funded Operations,Shareholder Returns & Reinvestment,ICICIPRULI moved from Asset-Sale Funded Operations to Shareholder Returns & Reinvestment (2014-03 -> 2015-03)
ICICIPRULI,2015-03,2016-03,Shareholder Returns & Reinvestment,Divestment & Shareholder Returns,ICICIPRULI moved from Shareholder Returns & Reinvestment to Divestment & Shareholder Returns (2015-03 -> 2016-03)
ICICIPRULI,2016-03,2017-03,Divestment & Shareholder Returns,Reinvestor - Debt Paydown,ICICIPRULI moved from Divestment & Shareholder Returns to Reinvestor - Debt Paydown (2016-03 -> 2017-03)
ICICIPRULI,2020-03,2021-03,Shareholder Returns & Reinvestment,Growth via External Financing,ICICIPRULI moved from Shareholder Returns & Reinvestment to Growth via External Financing (2020-03 -> 2021-03)
ICICIPRULI,2021-03,2022-03,Growth via External Financing,Shareholder Returns & Reinvestment,ICICIPRULI moved from Growth via External Financing to Shareholder Returns & Reinvestment (2021-03 -> 2022-03)
ICICIPRULI,2023-03,2024-03,Shareholder Returns & Reinvestment,Asset-Sale Funded Operations,ICICIPRULI moved from Shareholder Returns & Reinvestment to Asset-Sale Funded Operations (2023-03 -> 2024-03)
INDIGO,2014-03,2015-03,Growth via External Financing,Reinvestor - Debt Paydown,INDIGO moved from Growth via External Financing to Reinvestor - Debt Paydown (2014-03 -> 2015-03)
INDIGO,2017-03,2018-03,Shareholder Returns & Reinvestment,Growth via External Financing,INDIGO moved from Shareholder Returns & Reinvestment to Growth via External Financing (2017-03 -> 2018-03)
INDIGO,2018-03,2019-03,Growth via External Financing,Shareholder Returns & Reinvestment,INDIGO moved from Growth via External Financing to Shareholder Returns & Reinvestment (2018-03 -> 2019-03)
INDIGO,2020-03,2021-03,Reinvestor - Debt Paydown,Asset-Sale Funded Operations,INDIGO moved from Reinvestor - Debt Paydown to Asset-Sale Funded Operations (2020-03 -> 2021-03)
INDIGO,2021-03,2022-03,Asset-Sale Funded Operations,Divestment & Shareholder Returns,INDIGO moved from Asset-Sale Funded Operations to Divestment & Shareholder Returns (2021-03 -> 2022-03)
INDIGO,2022-03,2023-03,Divestment & Shareholder Returns,Shareholder Returns & Reinvestment,INDIGO moved from Divestment & Shareholder Returns to Shareholder Returns & Reinvestment (2022-03 -> 2023-03)
INDUSINDBK,2016-03,2017-03,Distress - Financing the Burn,Shareholder Returns & Reinvestment,INDUSINDBK moved from Distress - Financing the Burn to Shareholder Returns & Reinvestment (2016-03 -> 2017-03)
INDUSINDBK,2017-03,2018-03,Shareholder Returns & Reinvestment,Distress - Financing the Burn,INDUSINDBK moved from Shareholder Returns & Reinvestment to Distress - Financing the Burn (2017-03 -> 2018-03)
INDUSINDBK,2019-03,2020-03,Distress - Financing the Burn,Distress - Restructuring & Raising,INDUSINDBK moved from Distress - Financing the Burn to Distress - Restructuring & Raising (2019-03 -> 2020-03)
INDUSINDBK,2020-03,2021-03,Distress - Restructuring & Raising,Shareholder Returns & Reinvestment,INDUSINDBK moved from Distress - Restructuring & Raising to Shareholder Returns & Reinvestment (2020-03 -> 2021-03)
INDUSINDBK,2022-03,2023-03,Shareholder Returns & Reinvestment,Distress - Financing the Burn,INDUSINDBK moved from Shareholder Returns & Reinvestment to Distress - Financing the Burn (2022-03 -> 2023-03)
INDUSINDBK,2023-03,2024-03,Distress - Financing the Burn,Reserve-Funded Investment & Paydown,INDUSINDBK moved from Distress - Financing the Burn to Reserve-Funded Investment & Paydown (2023-03 -> 2024-03)
INFY,2014-03,2015-03,Shareholder Returns & Reinvestment,Divestment & Shareholder Returns,INFY moved from Shareholder Returns & Reinvestment to Divestment & Shareholder Returns (2014-03 -> 2015-03)
INFY,2015-03,2016-03,Divestment & Shareholder Returns,Shareholder Returns & Reinvestment,INFY moved from Divestment & Shareholder Returns to Shareholder Returns & Reinvestment (2015-03 -> 2016-03)
INFY,2017-03,2018-03,Shareholder Returns & Reinvestment,Divestment & Shareholder Returns,INFY moved from Shareholder Returns & Reinvestment to Divestment & Shareholder Returns (2017-03 -> 2018-03)
INFY,2018-03,2019-03,Divestment & Shareholder Returns,Shareholder Returns & Reinvestment,INFY moved from Divestment & Shareholder Returns to Shareholder Returns & Reinvestment (2018-03 -> 2019-03)
IOC,2013-03,2014-03,Growth via External Financing,Shareholder Returns & Reinvestment,IOC moved from Growth via External Financing to Shareholder Returns & Reinvestment (2013-03 -> 2014-03)
IOC,2018-03,2019-03,Shareholder Returns & Reinvestment,Growth via External Financing,IOC moved from Shareholder Returns & Reinvestment to Growth via External Financing (2018-03 -> 2019-03)
IOC,2020-03,2021-03,Growth via External Financing,Reinvestor - Debt Paydown,IOC moved from Growth via External Financing to Reinvestor - Debt Paydown (2020-03 -> 2021-03)
IRCTC,2015-03,2016-03,Shareholder Returns & Reinvestment,Divestment & Shareholder Returns,IRCTC moved from Shareholder Returns & Reinvestment to Divestment & Shareholder Returns (2015-03 -> 2016-03)
IRCTC,2018-03,2019-03,Divestment & Shareholder Returns,Shareholder Returns & Reinvestment,IRCTC moved from Divestment & Shareholder Returns to Shareholder Returns & Reinvestment (2018-03 -> 2019-03)
IRCTC,2019-03,2020-03,Shareholder Returns & Reinvestment,Divestment & Shareholder Returns,IRCTC moved from Shareholder Returns & Reinvestment to Divestment & Shareholder Returns (2019-03 -> 2020-03)
IRCTC,2020-03,2021-03,Divestment & Shareholder Returns,Shareholder Returns & Reinvestment,IRCTC moved from Divestment & Shareholder Returns to Shareholder Returns & Reinvestment (2020-03 -> 2021-03)
IRFC,2020-03,2021-03,Distress - Restructuring & Raising,Distress - Financing the Burn,IRFC moved from Distress - Restructuring & Raising to Distress - Financing the Burn (2020-03 -> 2021-03)
IRFC,2023-03,2024-03,Distress - Financing the Burn,Reinvestor - Debt Paydown,IRFC moved from Distress - Financing the Burn to Reinvestor - Debt Paydown (2023-03 -> 2024-03)
ITC,2020-03,2021-03,Shareholder Returns & Reinvestment,Divestment & Shareholder Returns,ITC moved from Shareholder Returns & Reinvestment to Divestment & Shareholder Returns (2020-03 -> 2021-03)
ITC,2021-03,2022-03,Divestment & Shareholder Returns,Reinvestor - Debt Paydown,ITC moved from Divestment & Shareholder Returns to Reinvestor - Debt Paydown (2021-03 -> 2022-03)
ITC,2023-03,2024-03,Shareholder Returns & Reinvestment,Divestment & Shareholder Returns,ITC moved from Shareholder Returns & Reinvestment to Divestment & Shareholder Returns (2023-03 -> 2024-03)
JINDALSTEL,2015-03,2016-03,Growth via External Financing,Shareholder Returns & Reinvestment,JINDALSTEL moved from Growth via External Financing to Shareholder Returns & Reinvestment (2015-03 -> 2016-03)
JINDALSTEL,2023-03,2024-03,Reinvestor - Debt Paydown,Growth via External Financing,JINDALSTEL moved from Reinvestor - Debt Paydown to Growth via External Financing (2023-03 -> 2024-03)
JIOFIN,2023-03,2024-03,Shareholder Returns & Reinvestment,Asset-Sale Funded Operations,JIOFIN moved from Shareholder Returns & Reinvestment to Asset-Sale Funded Operations (2023-03 -> 2024-03)
JSWENERGY,2019-03,2020-03,Reinvestor - Debt Paydown,Divestment & Shareholder Returns,JSWENERGY moved from Reinvestor - Debt Paydown to Divestment & Shareholder Returns (2019-03 -> 2020-03)
JSWENERGY,2020-03,2021-03,Divestment & Shareholder Returns,Reinvestor - Debt Paydown,JSWENERGY moved from Divestment & Shareholder Returns to Reinvestor - Debt Paydown (2020-03 -> 2021-03)
JSWENERGY,2022-03,2023-03,Shareholder Returns & Reinvestment,Growth via External Financing,JSWENERGY moved from Shareholder Returns & Reinvestment to Growth via External Financing (2022-03 -> 2023-03)
JSWSTEEL,2013-03,2014-03,Shareholder Returns & Reinvestment,Growth via External Financing,JSWSTEEL moved from Shareholder Returns & Reinvestment to Growth via External Financing (2013-03 -> 2014-03)
JSWSTEEL,2014-03,2015-03,Growth via External Financing,Shareholder Returns & Reinvestment,JSWSTEEL moved from Growth via External Financing to Shareholder Returns & Reinvestment (2014-03 -> 2015-03)
JSWSTEEL,2018-03,2019-03,Reinvestor - Debt Paydown,Growth via External Financing,JSWSTEEL moved from Reinvestor - Debt Paydown to Growth via External Financing (2018-03 -> 2019-03)
JSWSTEEL,2020-03,2021-03,Growth via External Financing,Shareholder Returns & Reinvestment,JSWSTEEL moved from Growth via External Financing to Shareholder Returns & Reinvestment (2020-03 -> 2021-03)
KOTAKBANK,2013-03,2014-03,Growth via External Financing,Shareholder Returns & Reinvestment,KOTAKBANK moved from Growth via External Financing to Shareholder Returns & Reinvestment (2013-03 -> 2014-03)
KOTAKBANK,2014-03,2015-03,Shareholder Returns & Reinvestment,Growth via External Financing,KOTAKBANK moved from Shareholder Returns & Reinvestment to Growth via External Financing (2014-03 -> 2015-03)
KOTAKBANK,2017-03,2018-03,Growth via External Financing,Distress - Financing the Burn,KOTAKBANK moved from Growth via External Financing to Distress - Financing the Burn (2017-03 -> 2018-03)
KOTAKBANK,2018-03,2019-03,Distress - Financing the Burn,Growth via External Financing,KOTAKBANK moved from Distress - Financing the Burn to Growth via External Financing (2018-03 -> 2019-03)
KOTAKBANK,2019-03,2020-03,Growth via External Financing,Shareholder Returns & Reinvestment,KOTAKBANK moved from Growth via External Financing to Shareholder Returns & Reinvestment (2019-03 -> 2020-03)
KOTAKBANK,2021-03,2022-03,Shareholder Returns & Reinvestment,Growth via External Financing,KOTAKBANK moved from Shareholder Returns & Reinvestment to Growth via External Financing (2021-03 -> 2022-03)
KOTAKBANK,2022-03,2023-03,Growth via External Financing,Distress - Financing the Burn,KOTAKBANK moved from Growth via External Financing to Distress - Financing the Burn (2022-03 -> 2023-03)
KOTAKBANK,2023-03,2024-03,Distress - Financing the Burn,Growth via External Financing,KOTAKBANK moved from Distress - Financing the Burn to Growth via External Financing (2023-03 -> 2024-03)
LICI,2019-03,2020-03,Divestment & Shareholder Returns,Reinvestor - Debt Paydown,LICI moved from Divestment & Shareholder Returns to Reinvestor - Debt Paydown (2019-03 -> 2020-03)
LICI,2020-03,2021-03,Reinvestor - Debt Paydown,Divestment & Shareholder Returns,LICI moved from Reinvestor - Debt Paydown to Divestment & Shareholder Returns (2020-03 -> 2021-03)
LICI,2021-03,2022-03,Divestment & Shareholder Returns,Asset-Sale Funded Operations,LICI moved from Divestment & Shareholder Returns to Asset-Sale Funded Operations (2021-03 -> 2022-03)
LICI,2022-03,2023-03,Asset-Sale Funded Operations,Reinvestor - Debt Paydown,LICI moved from Asset-Sale Funded Operations to Reinvestor - Debt Paydown (2022-03 -> 2023-03)
LODHA,2016-03,2017-03,Growth via External Financing,Shareholder Returns & Reinvestment,LODHA moved from Growth via External Financing to Shareholder Returns & Reinvestment (2016-03 -> 2017-03)
LODHA,2017-03,2018-03,Shareholder Returns & Reinvestment,Growth via External Financing,LODHA moved from Shareholder Returns & Reinvestment to Growth via External Financing (2017-03 -> 2018-03)
LODHA,2018-03,2019-03,Growth via External Financing,Distress - Financing the Burn,LODHA moved from Growth via External Financing to Distress - Financing the Burn (2018-03 -> 2019-03)
LODHA,2019-03,2020-03,Distress - Financing the Burn,Divestment & Shareholder Returns,LODHA moved from Distress - Financing the Burn to Divestment & Shareholder Returns (2019-03 -> 2020-03)
LODHA,2023-03,2024-03,Divestment & Shareholder Returns,Growth via External Financing,LODHA moved from Divestment & Shareholder Returns to Growth via External Financing (2023-03 -> 2024-03)
LT,2016-03,2017-03,Distress - Financing the Burn,Growth via External Financing,LT moved from Distress - Financing the Burn to Growth via External Financing (2016-03 -> 2017-03)
LT,2017-03,2018-03,Growth via External Financing,Distress - Restructuring & Raising,LT moved from Growth via External Financing to Distress - Restructuring & Raising (2017-03 -> 2018-03)
LT,2018-03,2019-03,Distress - Restructuring & Raising,Distress - Financing the Burn,LT moved from Distress - Restructuring & Raising to Distress - Financing the Burn (2018-03 -> 2019-03)
LT,2019-03,2020-03,Distress - Financing the Burn,Growth via External Financing,LT moved from Distress - Financing the Burn to Growth via External Financing (2019-03 -> 2020-03)
LT,2020-03,2021-03,Growth via External Financing,Reinvestor - Debt Paydown,LT moved from Growth via External Financing to Reinvestor - Debt Paydown (2020-03 -> 2021-03)
LT,2023-03,2024-03,Shareholder Returns & Reinvestment,Divestment & Shareholder Returns,LT moved from Shareholder Returns & Reinvestment to Divestment & Shareholder Returns (2023-03 -> 2024-03)
LTIM,2013-03,2014-03,Shareholder Returns & Reinvestment,Divestment & Shareholder Returns,LTIM moved from Shareholder Returns & Reinvestment to Divestment & Shareholder Returns (2013-03 -> 2014-03)
LTIM,2014-03,2015-03,Divestment & Shareholder Returns,Shareholder Returns & Reinvestment,LTIM moved from Divestment & Shareholder Returns to Shareholder Returns & Reinvestment (2014-03 -> 2015-03)
M&M,2014-03,2015-03,Distress - Financing the Burn,Growth via External Financing,M&M moved from Distress - Financing the Burn to Growth via External Financing (2014-03 -> 2015-03)
M&M,2018-03,2019-03,Growth via External Financing,Distress - Financing the Burn,M&M moved from Growth via External Financing to Distress - Financing the Burn (2018-03 -> 2019-03)
M&M,2020-03,2021-03,Distress - Financing the Burn,Growth via External Financing,M&M moved from Distress - Financing the Burn to Growth via External Financing (2020-03 -> 2021-03)
M&M,2021-03,2022-03,Growth via External Financing,Reinvestor - Debt Paydown,M&M moved from Growth via External Financing to Reinvestor - Debt Paydown (2021-03 -> 2022-03)
M&M,2022-03,2023-03,Reinvestor - Debt Paydown,Distress - Financing the Burn,M&M moved from Reinvestor - Debt Paydown to Distress - Financing the Burn (2022-03 -> 2023-03)
MOTHERSON,2014-03,2015-03,Reinvestor - Debt Paydown,Growth via External Financing,MOTHERSON moved from Reinvestor - Debt Paydown to Growth via External Financing (2014-03 -> 2015-03)
MOTHERSON,2015-03,2016-03,Growth via External Financing,Shareholder Returns & Reinvestment,MOTHERSON moved from Growth via External Financing to Shareholder Returns & Reinvestment (2015-03 -> 2016-03)
MOTHERSON,2016-03,2017-03,Shareholder Returns & Reinvestment,Growth via External Financing,MOTHERSON moved from Shareholder Returns & Reinvestment to Growth via External Financing (2016-03 -> 2017-03)
MOTHERSON,2017-03,2018-03,Growth via External Financing,Shareholder Returns & Reinvestment,MOTHERSON moved from Growth via External Financing to Shareholder Returns & Reinvestment (2017-03 -> 2018-03)
MOTHERSON,2023-03,2024-03,Reinvestor - Debt Paydown,Growth via External Financing,MOTHERSON moved from Reinvestor - Debt Paydown to Growth via External Financing (2023-03 -> 2024-03)
NAUKRI,2013-03,2014-03,Shareholder Returns & Reinvestment,Growth via External Financing,NAUKRI moved from Shareholder Returns & Reinvestment to Growth via External Financing (2013-03 -> 2014-03)
NAUKRI,2015-03,2016-03,Growth via External Financing,Shareholder Returns & Reinvestment,NAUKRI moved from Growth via External Financing to Shareholder Returns & Reinvestment (2015-03 -> 2016-03)
NAUKRI,2019-03,2020-03,Shareholder Returns & Reinvestment,Divestment & Shareholder Returns,NAUKRI moved from Shareholder Returns & Reinvestment to Divestment & Shareholder Returns (2019-03 -> 2020-03)
NAUKRI,2020-03,2021-03,Divestment & Shareholder Returns,Growth via External Financing,NAUKRI moved from Divestment & Shareholder Returns to Growth via External Financing (2020-03 -> 2021-03)
NESTLEIND,2018-12,2019-12,Shareholder Returns & Reinvestment,Divestment & Shareholder Returns,NESTLEIND moved from Shareholder Returns & Reinvestment to Divestment & Shareholder Returns (2018-12 -> 2019-12)
NESTLEIND,2019-12,2020-12,Divestment & Shareholder Returns,Reinvestor - Debt Paydown,NESTLEIND moved from Divestment & Shareholder Returns to Reinvestor - Debt Paydown (2019-12 -> 2020-12)
NHPC,2019-03,2020-03,Shareholder Returns & Reinvestment,Growth via External Financing,NHPC moved from Shareholder Returns & Reinvestment to Growth via External Financing (2019-03 -> 2020-03)
NHPC,2020-03,2021-03,Growth via External Financing,Shareholder Returns & Reinvestment,NHPC moved from Growth via External Financing to Shareholder Returns & Reinvestment (2020-03 -> 2021-03)
NTPC,2013-03,2014-03,Growth via External Financing,Shareholder Returns & Reinvestment,NTPC moved from Growth via External Financing to Shareholder Returns & Reinvestment (2013-03 -> 2014-03)
NTPC,2016-03,2017-03,Reinvestor - Debt Paydown,Growth via External Financing,NTPC moved from Reinvestor - Debt Paydown to Growth via External Financing (2016-03 -> 2017-03)
NTPC,2020-03,2021-03,Growth via External Financing,Shareholder Returns & Reinvestment,NTPC moved from Growth via External Financing to Shareholder Returns & Reinvestment (2020-03 -> 2021-03)
ONGC,2013-03,2014-03,Shareholder Returns & Reinvestment,Growth via External Financing,ONGC moved from Shareholder Returns & Reinvestment to Growth via External Financing (2013-03 -> 2014-03)
ONGC,2014-03,2015-03,Growth via External Financing,Shareholder Returns & Reinvestment,ONGC moved from Growth via External Financing to Shareholder Returns & Reinvestment (2014-03 -> 2015-03)
ONGC,2017-03,2018-03,Shareholder Returns & Reinvestment,Growth via External Financing,ONGC moved from Shareholder Returns & Reinvestment to Growth via External Financing (2017-03 -> 2018-03)
ONGC,2018-03,2019-03,Growth via External Financing,Shareholder Returns & Reinvestment,ONGC moved from Growth via External Financing to Shareholder Returns & Reinvestment (2018-03 -> 2019-03)
PFC,2014-03,2015-03,Distress - Restructuring & Raising,Distress - Financing the Burn,PFC moved from Distress - Restructuring & Raising to Distress - Financing the Burn (2014-03 -> 2015-03)
PFC,2016-03,2017-03,Distress - Financing the Burn,Growth via External Financing,PFC moved from Distress - Financing the Burn to Growth via External Financing (2016-03 -> 2017-03)
PFC,2017-03,2018-03,Growth via External Financing,Distress - Restructuring & Raising,PFC moved from Growth via External Financing to Distress - Restructuring & Raising (2017-03 -> 2018-03)
PFC,2018-03,2019-03,Distress - Restructuring & Raising,Distress - Financing the Burn,PFC moved from Distress - Restructuring & Raising to Distress - Financing the Burn (2018-03 -> 2019-03)
PFC,2020-03,2021-03,Distress - Financing the Burn,Distress - Restructuring & Raising,PFC moved from Distress - Financing the Burn to Distress - Restructuring & Raising (2020-03 -> 2021-03)
PFC,2021-03,2022-03,Distress - Restructuring & Raising,Shareholder Returns & Reinvestment,PFC moved from Distress - Restructuring & Raising to Shareholder Returns & Reinvestment (2021-03 -> 2022-03)
PFC,2022-03,2023-03,Shareholder Returns & Reinvestment,Distress - Financing the Burn,PFC moved from Shareholder Returns & Reinvestment to Distress - Financing the Burn (2022-03 -> 2023-03)
PIDILITIND,2016-03,2017-03,Shareholder Returns & Reinvestment,Growth via External Financing,PIDILITIND moved from Shareholder Returns & Reinvestment to Growth via External Financing (2016-03 -> 2017-03)
PIDILITIND,2017-03,2018-03,Growth via External Financing,Divestment & Shareholder Returns,PIDILITIND moved from Growth via External Financing to Divestment & Shareholder Returns (2017-03 -> 2018-03)
PIDILITIND,2018-03,2019-03,Divestment & Shareholder Returns,Reinvestor - Debt Paydown,PIDILITIND moved from Divestment & Shareholder Returns to Reinvestor - Debt Paydown (2018-03 -> 2019-03)
PIDILITIND,2019-03,2020-03,Reinvestor - Debt Paydown,Divestment & Shareholder Returns,PIDILITIND moved from Reinvestor - Debt Paydown to Divestment & Shareholder Returns (2019-03 -> 2020-03)
PIDILITIND,2020-03,2021-03,Divestment & Shareholder Returns,Shareholder Returns & Reinvestment,PIDILITIND moved from Divestment & Shareholder Returns to Shareholder Returns & Reinvestment (2020-03 -> 2021-03)
PNB,2013-03,2014-03,Reserve-Funded Investment & Paydown,Growth via External Financing,PNB moved from Reserve-Funded Investment & Paydown to Growth via External Financing (2013-03 -> 2014-03)
PNB,2016-03,2017-03,Growth via External Financing,Divestment & Shareholder Returns,PNB moved from Growth via External Financing to Divestment & Shareholder Returns (2016-03 -> 2017-03)
PNB,2017-03,2018-03,Divestment & Shareholder Returns,Distress - Restructuring & Raising,PNB moved from Divestment & Shareholder Returns to Distress - Restructuring & Raising (2017-03 -> 2018-03)
PNB,2018-03,2019-03,Distress - Restructuring & Raising,Distress - Financing the Burn,PNB moved from Distress - Restructuring & Raising to Distress - Financing the Burn (2018-03 -> 2019-03)
PNB,2020-03,2021-03,Distress - Financing the Burn,Growth via External Financing,PNB moved from Distress - Financing the Burn to Growth via External Financing (2020-03 -> 2021-03)
PNB,2023-03,2024-03,Growth via External Financing,Distress - Financing the Burn,PNB moved from Growth via External Financing to Distress - Financing the Burn (2023-03 -> 2024-03)
POWERGRID,2018-03,2019-03,Growth via External Financing,Shareholder Returns & Reinvestment,POWERGRID moved from Growth via External Financing to Shareholder Returns & Reinvestment (2018-03 -> 2019-03)
POWERGRID,2021-03,2022-03,Reinvestor - Debt Paydown,Divestment & Shareholder Returns,POWERGRID moved from Reinvestor - Debt Paydown to Divestment & Shareholder Returns (2021-03 -> 2022-03)
POWERGRID,2022-03,2023-03,Divestment & Shareholder Returns,Reinvestor - Debt Paydown,POWERGRID moved from Divestment & Shareholder Returns to Reinvestor - Debt Paydown (2022-03 -> 2023-03)
RECLTD,2015-03,2016-03,Distress - Restructuring & Raising,Distress - Financing the Burn,RECLTD moved from Distress - Restructuring & Raising to Distress - Financing the Burn (2015-03 -> 2016-03)
RECLTD,2016-03,2017-03,Distress - Financing the Burn,Reinvestor - Debt Paydown,RECLTD moved from Distress - Financing the Burn to Reinvestor - Debt Paydown (2016-03 -> 2017-03)
RECLTD,2017-03,2018-03,Reinvestor - Debt Paydown,Distress - Restructuring & Raising,RECLTD moved from Reinvestor - Debt Paydown to Distress - Restructuring & Raising (2017-03 -> 2018-03)
RECLTD,2021-03,2022-03,Distress - Restructuring & Raising,Distress - Financing the Burn,RECLTD moved from Distress - Restructuring & Raising to Distress - Financing the Burn (2021-03 -> 2022-03)
RELIANCE,2015-03,2016-03,Growth via External Financing,Shareholder Returns & Reinvestment,RELIANCE moved from Growth via External Financing to Shareholder Returns & Reinvestment (2015-03 -> 2016-03)
RELIANCE,2016-03,2017-03,Shareholder Returns & Reinvestment,Growth via External Financing,RELIANCE moved from Shareholder Returns & Reinvestment to Growth via External Financing (2016-03 -> 2017-03)
RELIANCE,2017-03,2018-03,Growth via External Financing,Shareholder Returns & Reinvestment,RELIANCE moved from Growth via External Financing to Shareholder Returns & Reinvestment (2017-03 -> 2018-03)
RELIANCE,2018-03,2019-03,Shareholder Returns & Reinvestment,Growth via External Financing,RELIANCE moved from Shareholder Returns & Reinvestment to Growth via External Financing (2018-03 -> 2019-03)
RELIANCE,2019-03,2020-03,Growth via External Financing,Shareholder Returns & Reinvestment,RELIANCE moved from Growth via External Financing to Shareholder Returns & Reinvestment (2019-03 -> 2020-03)
RELIANCE,2020-03,2021-03,Shareholder Returns & Reinvestment,Growth via External Financing,RELIANCE moved from Shareholder Returns & Reinvestment to Growth via External Financing (2020-03 -> 2021-03)
RELIANCE,2023-03,2024-03,Growth via External Financing,Shareholder Returns & Reinvestment,RELIANCE moved from Growth via External Financing to Shareholder Returns & Reinvestment (2023-03 -> 2024-03)
SBILIFE,2020-03,2021-03,Shareholder Returns & Reinvestment,Growth via External Financing,SBILIFE moved from Shareholder Returns & Reinvestment to Growth via External Financing (2020-03 -> 2021-03)
SBILIFE,2021-03,2022-03,Growth via External Financing,Shareholder Returns & Reinvestment,SBILIFE moved from Growth via External Financing to Shareholder Returns & Reinvestment (2021-03 -> 2022-03)
SBIN,2013-03,2014-03,Shareholder Returns & Reinvestment,Growth via External Financing,SBIN moved from Shareholder Returns & Reinvestment to Growth via External Financing (2013-03 -> 2014-03)
SBIN,2014-03,2015-03,Growth via External Financing,Shareholder Returns & Reinvestment,SBIN moved from Growth via External Financing to Shareholder Returns & Reinvestment (2014-03 -> 2015-03)
SBIN,2015-03,2016-03,Shareholder Returns & Reinvestment,Growth via External Financing,SBIN moved from Shareholder Returns & Reinvestment to Growth via External Financing (2015-03 -> 2016-03)
SBIN,2016-03,2017-03,Growth via External Financing,Shareholder Returns & Reinvestment,SBIN moved from Growth via External Financing to Shareholder Returns & Reinvestment (2016-03 -> 2017-03)
SBIN,2017-03,2018-03,Shareholder Returns & Reinvestment,Distress - Restructuring & Raising,SBIN moved from Shareholder Returns & Reinvestment to Distress - Restructuring & Raising (2017-03 -> 2018-03)
SBIN,2018-03,2019-03,Distress - Restructuring & Raising,Liquidity Build,SBIN moved from Distress - Restructuring & Raising to Liquidity Build (2018-03 -> 2019-03)
SBIN,2019-03,2020-03,Liquidity Build,Growth via External Financing,SBIN moved from Liquidity Build to Growth via External Financing (2019-03 -> 2020-03)
SBIN,2021-03,2022-03,Growth via External Financing,Shareholder Returns & Reinvestment,SBIN moved from Growth via External Financing to Shareholder Returns & Reinvestment (2021-03 -> 2022-03)
SBIN,2022-03,2023-03,Shareholder Returns & Reinvestment,Distress - Financing the Burn,SBIN moved from Shareholder Returns & Reinvestment to Distress - Financing the Burn (2022-03 -> 2023-03)
SBIN,2023-03,2024-03,Distress - Financing the Burn,Shareholder Returns & Reinvestment,SBIN moved from Distress - Financing the Burn to Shareholder Returns & Reinvestment (2023-03 -> 2024-03)
SHREECEM,2017-03,2018-03,Shareholder Returns & Reinvestment,Growth via External Financing,SHREECEM moved from Shareholder Returns & Reinvestment to Growth via External Financing (2017-03 -> 2018-03)
SHREECEM,2018-03,2019-03,Growth via External Financing,Reinvestor - Debt Paydown,SHREECEM moved from Growth via External Financing to Reinvestor - Debt Paydown (2018-03 -> 2019-03)
SHREECEM,2019-03,2020-03,Reinvestor - Debt Paydown,Growth via External Financing,SHREECEM moved from Reinvestor - Debt Paydown to Growth via External Financing (2019-03 -> 2020-03)
SHREECEM,2020-03,2021-03,Growth via External Financing,Reinvestor - Debt Paydown,SHREECEM moved from Growth via External Financing to Reinvestor - Debt Paydown (2020-03 -> 2021-03)
SHRIRAMFIN,2017-03,2018-03,Distress - Financing the Burn,Distress - Restructuring & Raising,SHRIRAMFIN moved from Distress - Financing the Burn to Distress - Restructuring & Raising (2017-03 -> 2018-03)
SHRIRAMFIN,2018-03,2019-03,Distress - Restructuring & Raising,Distress - Financing the Burn,SHRIRAMFIN moved from Distress - Restructuring & Raising to Distress - Financing the Burn (2018-03 -> 2019-03)
SHRIRAMFIN,2022-03,2023-03,Distress - Financing the Burn,Distress - Restructuring & Raising,SHRIRAMFIN moved from Distress - Financing the Burn to Distress - Restructuring & Raising (2022-03 -> 2023-03)
SHRIRAMFIN,2023-03,2024-03,Distress - Restructuring & Raising,Distress - Financing the Burn,SHRIRAMFIN moved from Distress - Restructuring & Raising to Distress - Financing the Burn (2023-03 -> 2024-03)
SIEMENS,2017-09,2018-09,Divestment & Shareholder Returns,Shareholder Returns & Reinvestment,SIEMENS moved from Divestment & Shareholder Returns to Shareholder Returns & Reinvestment (2017-09 -> 2018-09)
SIEMENS,2019-09,2020-09,Shareholder Returns & Reinvestment,Divestment & Shareholder Returns,SIEMENS moved from Shareholder Returns & Reinvestment to Divestment & Shareholder Returns (2019-09 -> 2020-09)
SIEMENS,2020-09,2021-09,Divestment & Shareholder Returns,Shareholder Returns & Reinvestment,SIEMENS moved from Divestment & Shareholder Returns to Shareholder Returns & Reinvestment (2020-09 -> 2021-09)
SUNPHARMA,2013-03,2014-03,Shareholder Returns & Reinvestment,Growth via External Financing,SUNPHARMA moved from Shareholder Returns & Reinvestment to Growth via External Financing (2013-03 -> 2014-03)
SUNPHARMA,2014-03,2015-03,Growth via External Financing,Shareholder Returns & Reinvestment,SUNPHARMA moved from Growth via External Financing to Shareholder Returns & Reinvestment (2014-03 -> 2015-03)
SUNPHARMA,2020-03,2021-03,Reinvestor - Debt Paydown,Divestment & Shareholder Returns,SUNPHARMA moved from Reinvestor - Debt Paydown to Divestment & Shareholder Returns (2020-03 -> 2021-03)
SUNPHARMA,2021-03,2022-03,Divestment & Shareholder Returns,Reinvestor - Debt Paydown,SUNPHARMA moved from Divestment & Shareholder Returns to Reinvestor - Debt Paydown (2021-03 -> 2022-03)
SUNPHARMA,2022-03,2023-03,Reinvestor - Debt Paydown,Growth via External Financing,SUNPHARMA moved from Reinvestor - Debt Paydown to Growth via External Financing (2022-03 -> 2023-03)
SUNPHARMA,2023-03,2024-03,Growth via External Financing,Reinvestor - Debt Paydown,SUNPHARMA moved from Growth via External Financing to Reinvestor - Debt Paydown (2023-03 -> 2024-03)
TATACONSUM,2013-03,2014-03,Liquidity Build,Shareholder Returns & Reinvestment,TATACONSUM moved from Liquidity Build to Shareholder Returns & Reinvestment (2013-03 -> 2014-03)
TATACONSUM,2015-03,2016-03,Reinvestor - Debt Paydown,Divestment & Shareholder Returns,TATACONSUM moved from Reinvestor - Debt Paydown to Divestment & Shareholder Returns (2015-03 -> 2016-03)
TATACONSUM,2017-03,2018-03,Divestment & Shareholder Returns,Shareholder Returns & Reinvestment,TATACONSUM moved from Divestment & Shareholder Returns to Shareholder Returns & Reinvestment (2017-03 -> 2018-03)
TATACONSUM,2018-03,2019-03,Shareholder Returns & Reinvestment,Divestment & Shareholder Returns,TATACONSUM moved from Shareholder Returns & Reinvestment to Divestment & Shareholder Returns (2018-03 -> 2019-03)
TATACONSUM,2019-03,2020-03,Divestment & Shareholder Returns,Shareholder Returns & Reinvestment,TATACONSUM moved from Divestment & Shareholder Returns to Shareholder Returns & Reinvestment (2019-03 -> 2020-03)
TATACONSUM,2023-03,2024-03,Shareholder Returns & Reinvestment,Growth via External Financing,TATACONSUM moved from Shareholder Returns & Reinvestment to Growth via External Financing (2023-03 -> 2024-03)
TATAMOTORS,2014-03,2015-03,Shareholder Returns & Reinvestment,Growth via External Financing,TATAMOTORS moved from Shareholder Returns & Reinvestment to Growth via External Financing (2014-03 -> 2015-03)
TATAMOTORS,2015-03,2016-03,Growth via External Financing,Reinvestor - Debt Paydown,TATAMOTORS moved from Growth via External Financing to Reinvestor - Debt Paydown (2015-03 -> 2016-03)
TATAMOTORS,2016-03,2017-03,Reinvestor - Debt Paydown,Growth via External Financing,TATAMOTORS moved from Reinvestor - Debt Paydown to Growth via External Financing (2016-03 -> 2017-03)
TATAMOTORS,2021-03,2022-03,Growth via External Financing,Shareholder Returns & Reinvestment,TATAMOTORS moved from Growth via External Financing to Shareholder Returns & Reinvestment (2021-03 -> 2022-03)
TATAPOWER,2016-03,2017-03,Reinvestor - Debt Paydown,Growth via External Financing,TATAPOWER moved from Reinvestor - Debt Paydown to Growth via External Financing (2016-03 -> 2017-03)
TATAPOWER,2017-03,2018-03,Growth via External Financing,Reinvestor - Debt Paydown,TATAPOWER moved from Growth via External Financing to Reinvestor - Debt Paydown (2017-03 -> 2018-03)
TATAPOWER,2020-03,2021-03,Shareholder Returns & Reinvestment,Divestment & Shareholder Returns,TATAPOWER moved from Shareholder Returns & Reinvestment to Divestment & Shareholder Returns (2020-03 -> 2021-03)
TATAPOWER,2021-03,2022-03,Divestment & Shareholder Returns,Shareholder Returns & Reinvestment,TATAPOWER moved from Divestment & Shareholder Returns to Shareholder Returns & Reinvestment (2021-03 -> 2022-03)
TATAPOWER,2022-03,2023-03,Shareholder Returns & Reinvestment,Growth via External Financing,TATAPOWER moved from Shareholder Returns & Reinvestment to Growth via External Financing (2022-03 -> 2023-03)
TATAPOWER,2023-03,2024-03,Growth via External Financing,Shareholder Returns & Reinvestment,TATAPOWER moved from Growth via External Financing to Shareholder Returns & Reinvestment (2023-03 -> 2024-03)
TATASTEEL,2013-03,2014-03,Shareholder Returns & Reinvestment,Growth via External Financing,TATASTEEL moved from Shareholder Returns & Reinvestment to Growth via External Financing (2013-03 -> 2014-03)
TATASTEEL,2014-03,2015-03,Growth via External Financing,Reinvestor - Debt Paydown,TATASTEEL moved from Growth via External Financing to Reinvestor - Debt Paydown (2014-03 -> 2015-03)
TATASTEEL,2017-03,2018-03,Shareholder Returns & Reinvestment,Growth via External Financing,TATASTEEL moved from Shareholder Returns & Reinvestment to Growth via External Financing (2017-03 -> 2018-03)
TATASTEEL,2018-03,2019-03,Growth via External Financing,Shareholder Returns & Reinvestment,TATASTEEL moved from Growth via External Financing to Shareholder Returns & Reinvestment (2018-03 -> 2019-03)
TCS,2017-03,2018-03,Shareholder Returns & Reinvestment,Divestment & Shareholder Returns,TCS moved from Shareholder Returns & Reinvestment to Divestment & Shareholder Returns (2017-03 -> 2018-03)
TCS,2020-03,2021-03,Divestment & Shareholder Returns,Reinvestor - Debt Paydown,TCS moved from Divestment & Shareholder Returns to Reinvestor - Debt Paydown (2020-03 -> 2021-03)
TCS,2022-03,2023-03,Shareholder Returns & Reinvestment,Divestment & Shareholder Returns,TCS moved from Shareholder Returns & Reinvestment to Divestment & Shareholder Returns (2022-03 -> 2023-03)
TECHM,2013-03,2014-03,Growth via External Financing,Divestment & Shareholder Returns,TECHM moved from Growth via External Financing to Divestment & Shareholder Returns (2013-03 -> 2014-03)
TECHM,2014-03,2015-03,Divestment & Shareholder Returns,Shareholder Returns & Reinvestment,TECHM moved from Divestment & Shareholder Returns to Shareholder Returns & Reinvestment (2014-03 -> 2015-03)
TECHM,2019-03,2020-03,Reinvestor - Debt Paydown,Divestment & Shareholder Returns,TECHM moved from Reinvestor - Debt Paydown to Divestment & Shareholder Returns (2019-03 -> 2020-03)
TECHM,2020-03,2021-03,Divestment & Shareholder Returns,Reinvestor - Debt Paydown,TECHM moved from Divestment & Shareholder Returns to Reinvestor - Debt Paydown (2020-03 -> 2021-03)
TECHM,2021-03,2022-03,Reinvestor - Debt Paydown,Divestment & Shareholder Returns,TECHM moved from Reinvestor - Debt Paydown to Divestment & Shareholder Returns (2021-03 -> 2022-03)
TECHM,2022-03,2023-03,Divestment & Shareholder Returns,Shareholder Returns & Reinvestment,TECHM moved from Divestment & Shareholder Returns to Shareholder Returns & Reinvestment (2022-03 -> 2023-03)
TITAN,2013-03,2014-03,Shareholder Returns & Reinvestment,Distress - Financing the Burn,TITAN moved from Shareholder Returns & Reinvestment to Distress - Financing the Burn (2013-03 -> 2014-03)
TITAN,2014-03,2015-03,Distress - Financing the Burn,Reinvestor - Debt Paydown,TITAN moved from Distress - Financing the Burn to Reinvestor - Debt Paydown (2014-03 -> 2015-03)
TITAN,2017-03,2018-03,Shareholder Returns & Reinvestment,Asset-Sale Funded Operations,TITAN moved from Shareholder Returns & Reinvestment to Asset-Sale Funded Operations (2017-03 -> 2018-03)
TITAN,2018-03,2019-03,Asset-Sale Funded Operations,Shareholder Returns & Reinvestment,TITAN moved from Asset-Sale Funded Operations to Shareholder Returns & Reinvestment (2018-03 -> 2019-03)
TITAN,2019-03,2020-03,Shareholder Returns & Reinvestment,Asset-Sale Funded Operations,TITAN moved from Shareholder Returns & Reinvestment to Asset-Sale Funded Operations (2019-03 -> 2020-03)
TITAN,2020-03,2021-03,Asset-Sale Funded Operations,Shareholder Returns & Reinvestment,TITAN moved from Asset-Sale Funded Operations to Shareholder Returns & Reinvestment (2020-03 -> 2021-03)
TITAN,2021-03,2022-03,Shareholder Returns & Reinvestment,Asset-Sale Funded Operations,TITAN moved from Shareholder Returns & Reinvestment to Asset-Sale Funded Operations (2021-03 -> 2022-03)
TITAN,2022-03,2023-03,Asset-Sale Funded Operations,Growth via External Financing,TITAN moved from Asset-Sale Funded Operations to Growth via External Financing (2022-03 -> 2023-03)
TITAN,2023-03,2024-03,Growth via External Financing,Shareholder Returns & Reinvestment,TITAN moved from Growth via External Financing to Shareholder Returns & Reinvestment (2023-03 -> 2024-03)
TORNTPHARM,2015-03,2016-03,Growth via External Financing,Reinvestor - Debt Paydown,TORNTPHARM moved from Growth via External Financing to Reinvestor - Debt Paydown (2015-03 -> 2016-03)
TORNTPHARM,2017-03,2018-03,Shareholder Returns & Reinvestment,Growth via External Financing,TORNTPHARM moved from Shareholder Returns & Reinvestment to Growth via External Financing (2017-03 -> 2018-03)
TORNTPHARM,2018-03,2019-03,Growth via External Financing,Reinvestor - Debt Paydown,TORNTPHARM moved from Growth via External Financing to Reinvestor - Debt Paydown (2018-03 -> 2019-03)
TORNTPHARM,2019-03,2020-03,Reinvestor - Debt Paydown,Divestment & Shareholder Returns,TORNTPHARM moved from Reinvestor - Debt Paydown to Divestment & Shareholder Returns (2019-03 -> 2020-03)
TORNTPHARM,2020-03,2021-03,Divestment & Shareholder Returns,Reinvestor - Debt Paydown,TORNTPHARM moved from Divestment & Shareholder Returns to Reinvestor - Debt Paydown (2020-03 -> 2021-03)
TORNTPHARM,2022-03,2023-03,Reinvestor - Debt Paydown,Growth via External Financing,TORNTPHARM moved from Reinvestor - Debt Paydown to Growth via External Financing (2022-03 -> 2023-03)
TORNTPHARM,2023-03,2024-03,Growth via External Financing,Reinvestor - Debt Paydown,TORNTPHARM moved from Growth via External Financing to Reinvestor - Debt Paydown (2023-03 -> 2024-03)
TRENT,2013-03,2014-03,Growth via External Financing,Reserve-Funded Investment & Paydown,TRENT moved from Growth via External Financing to Reserve-Funded Investment & Paydown (2013-03 -> 2014-03)
TRENT,2014-03,2015-03,Reserve-Funded Investment & Paydown,Distress - Financing the Burn,TRENT moved from Reserve-Funded Investment & Paydown to Distress - Financing the Burn (2014-03 -> 2015-03)
TRENT,2015-03,2016-03,Distress - Financing the Burn,Shareholder Returns & Reinvestment,TRENT moved from Distress - Financing the Burn to Shareholder Returns & Reinvestment (2015-03 -> 2016-03)
TRENT,2018-03,2019-03,Reinvestor - Debt Paydown,Growth via External Financing,TRENT moved from Reinvestor - Debt Paydown to Growth via External Financing (2018-03 -> 2019-03)
TRENT,2020-03,2021-03,Growth via External Financing,Divestment & Shareholder Returns,TRENT moved from Growth via External Financing to Divestment & Shareholder Returns (2020-03 -> 2021-03)
TRENT,2022-03,2023-03,Divestment & Shareholder Returns,Reinvestor - Debt Paydown,TRENT moved from Divestment & Shareholder Returns to Reinvestor - Debt Paydown (2022-03 -> 2023-03)
TVSMOTOR,2014-03,2015-03,Reinvestor - Debt Paydown,Growth via External Financing,TVSMOTOR moved from Reinvestor - Debt Paydown to Growth via External Financing (2014-03 -> 2015-03)
TVSMOTOR,2015-03,2016-03,Growth via External Financing,Reinvestor - Debt Paydown,TVSMOTOR moved from Growth via External Financing to Reinvestor - Debt Paydown (2015-03 -> 2016-03)
TVSMOTOR,2017-03,2018-03,Shareholder Returns & Reinvestment,Growth via External Financing,TVSMOTOR moved from Shareholder Returns & Reinvestment to Growth via External Financing (2017-03 -> 2018-03)
TVSMOTOR,2018-03,2019-03,Growth via External Financing,Distress - Financing the Burn,TVSMOTOR moved from Growth via External Financing to Distress - Financing the Burn (2018-03 -> 2019-03)
TVSMOTOR,2019-03,2020-03,Distress - Financing the Burn,Growth via External Financing,TVSMOTOR moved from Distress - Financing the Burn to Growth via External Financing (2019-03 -> 2020-03)
TVSMOTOR,2021-03,2022-03,Growth via External Financing,Distress - Financing the Burn,TVSMOTOR moved from Growth via External Financing to Distress - Financing the Burn (2021-03 -> 2022-03)
