company_id,year,net_profit_margin_pct,operating_profit_margin_pct,return_on_equity_pct,debt_to_equity,interest_coverage,asset_turnover,free_cash_flow_cr,capex_cr,earnings_per_share,book_value_per_share,dividend_payout_ratio_pct,total_debt_cr,cash_from_operations_cr,return_on_capital_pct,return_on_assets_pct,roce_rating,high_leverage_flag,icr_label,icr_warning_flag,net_debt_cr,revenue_cagr_3yr,revenue_cagr_3yr_flag,revenue_cagr_5yr,revenue_cagr_5yr_flag,revenue_cagr_10yr,revenue_cagr_10yr_flag,pat_cagr_3yr,pat_cagr_3yr_flag,pat_cagr_5yr,pat_cagr_5yr_flag,pat_cagr_10yr,pat_cagr_10yr_flag,eps_cagr_3yr,eps_cagr_3yr_flag,eps_cagr_5yr,eps_cagr_5yr_flag,eps_cagr_10yr,eps_cagr_10yr_flag,cfo_quality_score,cfo_quality_label,capex_intensity_pct,capex_intensity_label,fcf_conversion_pct,capital_allocation_label,composite_quality_score,sector,market_cap_crore,pe_ratio,pb_ratio,dividend_yield_pct,net_profit,sales
LT,2024-03,7.031246466738726,13.506668535997433,77.66510140873214,0.10345688880007993,3.5441547518923464,8.027628521638107,20445.0,2179.0,95.0,1334.5333333333333,36.0,2071.0,18266.0,118.53411200144868,56.44423467905896,excellent,0,,0,-6673.0,17.592821624288746,,10.335347989682408,,10.02514597108597,,6.361264204860495,,8.75885858017449,,12.273743409690363,,5.027553928675843,,8.56169392953159,,10.500834061722086,,1.4464230063906993,High Quality,0.9854689683555468,Asset Light,68.45806127574083,Liquidating Assets,96.75,Industrials,1124597.5,30.8,2.48,1.26,15547.0,221113.0
INDIGO,2024-03,11.852722628584697,76.29890862649484,892.568306010929,0.018579234972677595,22.612639724849526,56.38625204582652,9424.0,11759.0,212.0,190.625,0.0,17.0,21183.0,4953.540772532189,668.3306055646481,excellent,0,,0,-171.0,67.58091776468258,,19.313355125806165,,20.01227897172877,,,TURNAROUND,120.69250867467933,,32.9316579498421,,,TURNAROUND,121.23568222761168,,-34.87773528813343,,-14.344662971577204,Accrual Risk,17.065772669220944,Capital Intensive,17.92555113841706,Shareholder Returns,86.23,Consumer Discretionary,1040632.92,76.23,7.87,4.27,8167.0,68904.0
TCS,2024-03,19.136712150207767,26.690688396923118,50.944313673485176,0.0886406082507266,87.09511568123393,1.6559406621205455,50429.0,6091.0,127.0,249.9696132596685,58.0,8021.0,44338.0,60.2081007004365,31.689259788825343,excellent,0,,0,-23741.0,13.632864555506409,,10.463614801716602,,11.404391189817975,,12.286310199806593,,7.871172131953608,,9.07908137484088,,13.007434657986106,,8.618771612987096,,9.991915190476197,,1.0364105693048848,High Quality,2.528508507926756,Asset Light,78.43256190120692,Liquidating Assets,84.72,Information Technology,461188.15,78.69,6.08,1.62,46099.0,240893.0
INFY,2024-03,17.08075746730006,23.703390381987376,29.788006718416632,0.09486358890553362,87.52340425531915,1.129760329363329,20117.0,5093.0,63.0,212.73780782230807,,8359.0,25210.0,32.906970717802544,19.297162182032054,excellent,0,,0,-16264.0,15.216500798806365,,13.199100930556229,,11.852717458931128,,10.558796476740762,,11.239419983657939,,9.433477603192465,,11.868894208139679,,12.474611314209483,,10.60156477390728,,1.037696383329751,High Quality,3.314244810307802,Moderate,55.22855181880576,Reinvestor,58.72,Information Technology,1112279.92,35.99,8.97,4.1,26248.0,153670.0
HCLTECH,2024-03,14.293122742532729,22.015594151738192,23.01393141233172,0.08435023365512796,46.46112115732369,1.1101650405025958,15840.0,6608.0,58.0,251.4290976058932,90.0,5758.0,22448.0,27.05313357020305,15.867725188372422,excellent,0,,0,-1379.0,13.396477329776978,,12.710299978373406,,,INSUFFICIENT,12.043662852781601,,9.194090295112023,,,INSUFFICIENT,12.257330985276148,,9.407036350794119,,,INSUFFICIENT,1.371283984612863,High Quality,6.012027694631208,Moderate,65.45995536821225,Reinvestor,46.62,Information Technology,412593.29,63.63,5.44,1.99,15710.0,109913.0
ADANIPOWER,2024-03,41.36759945184802,36.20186292228556,48.27674122146251,0.8023177656738903,8.297225501770956,0.5472399439185297,17651.0,3481.0,54.0,111.86155042779363,0.0,34616.0,14170.0,18.385823227581948,22.638002804073516,good,0,,0,34242.0,24.294797156226156,,16.086096410440966,,12.629527157691523,,154.07088459944453,,,TURNAROUND,,TURNAROUND,162.07413942088965,,,TURNAROUND,,TURNAROUND,1.3223405880103996,High Quality,6.9134674584417395,Moderate,96.83454026771999,Liquidating Assets,45.45,Energy,1372183.55,44.57,9.91,1.65,20829.0,50351.0
IRCTC,2024-03,26.01873536299766,34.33255269320843,34.39628482972136,0.018575851393188854,82.73684210526316,0.7010343129207027,667.0,215.0,14.0,40.375,47.0,60.0,882.0,42.82674772036474,18.240026268264653,excellent,0,,0,60.0,76.46921430165466,,17.955244103890912,,,INSUFFICIENT,81.11627776293705,,29.16686408659448,,,INSUFFICIENT,91.29311827723889,,28.473515712343932,,,INSUFFICIENT,0.9036900006508211,Moderate,5.035128805620609,Moderate,45.49795361527968,Reinvestor,44.0,Consumer Discretionary,1258520.29,60.44,5.74,1.08,1111.0,4270.0
ASIANPAINT,2024-03,15.658543456824905,21.3692069305536,29.677488252883382,0.1321016659547202,41.00487804878049,1.187084044011906,3556.0,2548.0,57.0,195.08333333333334,58.0,2474.0,6104.0,31.75172153570418,18.588007090063876,excellent,0,,0,-2114.0,17.801037676951047,,13.029660349453076,,11.25245350301849,,20.117567163333238,,20.277362101955056,,15.971565352132288,,19.983162620797668,,20.973552688431262,,15.929283130870008,,0.9321931577763529,Moderate,7.17847584166784,Moderate,46.88200395517469,Reinvestor,35.63,Materials,2126725.18,73.37,3.9,2.42,5558.0,35495.0
SUNPHARMA,2024-03,19.815658700538176,26.84289749881436,15.094161810671148,0.051423814535002436,58.331932773109244,0.5684929901064378,11372.0,763.0,40.0,265.27916666666664,34.0,3274.0,12135.0,15.627194096293751,11.2650630655976,good,0,,0,-11752.0,13.126755589483485,,10.78116321985565,,11.67163711556578,,61.722961970425125,,24.536829642931245,,9.496531115092143,,49.380158218572156,,29.45936165164078,,10.30542524220699,,1.7566700862393236,High Quality,1.5732931933934058,Asset Light,87.35596865878014,Reinvestor,32.46,Healthcare,1339586.09,37.9,6.71,3.88,9610.0,48497.0
PIDILITIND,2024-03,14.108051360736493,21.868690947266415,20.780302129178065,0.045438325205186154,54.333333333333336,1.0254223252732693,955.0,1769.0,34.0,164.84313725490196,47.0,382.0,2724.0,26.93139151211742,14.466710831401125,excellent,0,,0,-1853.0,19.2998469335665,,11.836370175898114,,11.200766251991956,,15.76701574818362,,13.48774998597666,,14.527040733688779,,15.616214441920405,,13.564157249607756,,14.215130617291273,,1.1872411286700877,High Quality,14.285714285714285,Capital Intensive,35.2658788774003,Shareholder Returns,27.52,Materials,162274.18,36.12,12.3,1.01,1747.0,12383.0
LTIM,2024-03,12.90931103415266,17.982937748120616,22.904386052552702,0.10345688880007993,31.93243243243243,1.2894641301190821,1752.0,3918.0,155.0,667.2666666666667,42.0,2071.0,5670.0,25.207116664403095,16.64609352309033,excellent,0,,0,-6673.0,42.13101535214459,,30.32798083513346,,21.85605589762474,,33.24835486418234,,24.775129058600996,,16.495191642458163,,11.772828128939317,,12.24383304425547,,-6.666549487610296,,1.016292459052437,High Quality,11.031337106174508,Capital Intensive,27.430718647252235,Reinvestor,27.1,Information Technology,1347046.9,64.52,2.38,4.43,4585.0,35517.0
EICHERMOT,2024-03,24.195694242864054,26.179245283018872,22.172346910501524,0.023219728456636186,114.70588235294117,0.7153796236210254,890.0,2834.0,146.0,668.3333333333334,35.0,419.0,3724.0,20.206889081455806,17.309106640709494,good,0,,0,-13108.0,23.776441520116,,11.036936496739692,,,INSUFFICIENT,43.747506025200565,,12.675841665377696,,,INSUFFICIENT,43.89717190746498,,12.505451629050324,,,INSUFFICIENT,0.998535742862353,Moderate,17.138364779874212,Capital Intensive,20.559020559020556,Reinvestor,26.54,Consumer Discretionary,222391.83,15.62,13.61,4.41,4001.0,16536.0
MARUTI,2024-03,9.50809964894472,13.130031439890594,15.750385351954785,0.001389602503619973,117.90721649484536,1.230295566502463,4936.0,11865.0,429.0,2727.2611464968154,29.0,119.0,16801.0,15.59092764270305,11.697772843960314,good,0,,0,-57177.0,26.323644326166008,,10.510215112642584,,12.2815532690568,,45.387585949345265,,12.007182039300378,,16.801752458674525,,43.55878145035321,,11.139222486886503,,16.394629934979687,,1.1324044582012847,High Quality,8.363997800617518,Capital Intensive,26.500590572318266,Reinvestor,25.59,Consumer Discretionary,1503863.63,20.78,8.26,1.78,13488.0,141858.0
DRREDDY,2024-03,19.913605369319196,28.321016743422227,19.74233736816026,0.07085722375592836,51.707602339181285,0.7223053120165034,509.0,4034.0,67.0,340.4096385542169,12.0,2002.0,4543.0,21.361052353252248,14.383702939659617,good,0,,0,-2928.0,13.71726615103832,,12.639644349571988,,7.640025915260695,,41.90561020689674,,23.392504645437473,,11.008394366816532,,42.81779454599071,,23.842409558387544,,11.284504563028698,,1.3421751740527739,High Quality,14.401485130841454,Capital Intensive,6.416235976301525,Reinvestor,23.16,Healthcare,2441803.28,11.73,10.19,0.09,5578.0,28011.0
SIEMENS,2024-09,12.221223021582734,13.956834532374101,17.698769290877124,0.018167610861496385,67.15,0.8790861298865568,1168.0,502.0,76.0,432.59154929577466,16.0,279.0,1670.0,17.7411102583781,10.743507648523657,good,0,,0,278.0,18.998700727442852,,11.193358902067896,,7.612937546261267,,35.646062247422265,,19.85339817550189,,16.250067578355253,,34.83955155292464,,19.643850003755613,,16.15461431239702,,0.8407752345640682,Moderate,2.2571942446043165,Asset Light,37.628865979381445,Reinvestor,22.99,Industrials,1191331.95,33.32,9.25,3.69,2718.0,22240.0
HAVELLS,2024-03,6.837009144701453,10.118343195266272,17.067275412917954,0.040687525177924,25.357142857142858,1.4952143489101584,335.0,1618.0,20.0,118.2063492063492,44.0,303.0,1953.0,19.90967741935484,10.222794176787582,good,0,,0,283.0,21.14089015706202,,13.037907939063121,,8.728389766288359,,6.77797587953104,,10.033231229420036,,11.040413196880138,,5.566719197800074,,8.997698704834534,,11.069085371075271,,1.0531615268489045,High Quality,8.703604088219473,Capital Intensive,17.809675704412548,Shareholder Returns,21.87,Industrials,2521508.87,45.41,14.08,2.6,1271.0,18590.0
TRENT,2024-03,11.935353535353535,15.927272727272726,36.30776794493609,0.4309242871189774,8.043478260869565,1.7278693102485339,841.0,508.0,42.0,113.0,8.0,1753.0,1349.0,22.33293248582718,20.622731080703712,good,0,,0,337.0,68.36335197744833,,36.30691600183056,,18.15797703617492,,,TURNAROUND,73.11367578503176,,,TURNAROUND,,TURNAROUND,69.52182030724354,,,TURNAROUND,1.1823415460786655,High Quality,4.105050505050505,Moderate,42.668696093353624,Reinvestor,21.56,Consumer Discretionary,571322.04,8.65,11.82,3.46,1477.0,12375.0
ADANIPORTS,2024-03,30.339560480700833,58.36172363445772,15.3548827162833,0.9373223691689719,5.949506037321624,0.22830109659056916,8250.0,6768.0,38.0,244.34259259259258,16.0,49470.0,15018.0,11.44374462092168,6.926554927819896,below_benchmark,0,,0,45181.0,28.631936311849437,,19.57867595245697,,18.65179197239284,,17.084126579285687,,14.909565182041629,,16.624572854327614,,14.977941578896626,,14.869835499703509,,16.860936130231472,,1.923293066451101,High Quality,25.337875781513237,Capital Intensive,52.92193213163128,Shareholder Returns,9.73,Industrials,675598.01,48.9,2.31,1.16,8104.0,26711.0
